unit,conn_index,src_local,src_name,dst_local,dst_name,weight,meaningful
0,0,2,LOCAL_RESOURCE,21,JUNK-A7,-0.44813379314554275,0
0,1,13,JUNK-I7,6,ADD,2.542802209540086,0
0,2,3,SELF_ENERGY,14,ACTION_Y,0.47535630359813225,1
0,3,5,JUNK-S5,19,MOVE_E,1.8053529465620899,0
0,4,13,JUNK-I7,10,THRESH,-0.28394421216467786,0
0,5,0,CONST,16,REPRODUCE,1.5706045716727195,1
0,6,0,CONST,20,MOVE_W,-0.6263618884853663,1
0,7,9,DELAY,18,MOVE_S,3.6442762535477766,1
0,8,7,MUL,8,CLAMP,0.08142338328196051,1
0,9,0,CONST,6,ADD,3.0607623523667105,1
0,10,13,JUNK-I7,18,MOVE_S,3.577745902890103,0
0,11,5,JUNK-S5,18,MOVE_S,-2.3551744132816554,0
0,12,2,LOCAL_RESOURCE,9,DELAY,-3.000335703604236,1
0,13,1,RAND,20,MOVE_W,-3.728263191625721,1
0,14,7,MUL,7,MUL,3.469466231269265,1
0,15,3,SELF_ENERGY,19,MOVE_E,3.506820886867885,1
0,16,13,JUNK-I7,10,THRESH,-0.6153752250740074,0
0,17,0,CONST,8,CLAMP,1.1343119602038636,1
0,18,7,MUL,6,ADD,2.8088015381328777,1
0,19,0,CONST,8,CLAMP,-3.292580950346385,1
0,20,2,LOCAL_RESOURCE,19,MOVE_E,-2.9201330607013154,1
0,21,7,MUL,14,ACTION_Y,3.0173039948728904,1
0,22,12,JUNK-I6,15,HARVEST,-1.2236701559495835,0
0,23,0,CONST,21,JUNK-A7,-2.4834742271187475,0
0,24,1,RAND,14,ACTION_Y,0.729148228400525,1
0,25,3,SELF_ENERGY,15,HARVEST,-3.0280465102084415,1
0,26,0,CONST,17,MOVE_N,0.9858699301126133,1
0,27,9,DELAY,13,JUNK-I7,-1.0560625019074068,0
0,28,6,ADD,17,MOVE_N,-3.21897030549028,1
0,29,6,ADD,9,DELAY,-1.6985381633960996,1
0,30,2,LOCAL_RESOURCE,7,MUL,-3.007293923764763,1
0,31,6,ADD,19,MOVE_E,-0.9012726218451491,1
1,0,5,JUNK-S5,14,ACTION_Y,1.9725943784905544,0
1,1,9,DELAY,16,REPRODUCE,-3.1253395184179205,1
1,2,4,JUNK-S4,10,THRESH,0.7531968138676107,0
1,3,5,JUNK-S5,10,THRESH,-1.0942716757713553,0
1,4,4,JUNK-S4,20,MOVE_W,2.162175359355449,0
1,5,11,JUNK-I5,9,DELAY,3.622302926725059,0
1,6,9,DELAY,14,ACTION_Y,1.3107089449751275,1
1,7,10,THRESH,14,ACTION_Y,-2.5495162816248054,1
1,8,7,MUL,20,MOVE_W,-1.4383983886226996,1
1,9,4,JUNK-S4,16,REPRODUCE,1.0576494644001586,0
1,10,0,CONST,15,HARVEST,-2.5908993804742577,1
1,11,0,CONST,13,JUNK-I7,-0.9264198736533708,0
1,12,6,ADD,12,JUNK-I6,-2.480910672322764,0
1,13,11,JUNK-I5,10,THRESH,-3.674428540910062,0
1,14,6,ADD,10,THRESH,3.162572099978637,1
1,15,0,CONST,6,ADD,-1.3069246498001037,1
1,16,3,SELF_ENERGY,20,MOVE_W,0.7326883754997406,1
1,17,12,JUNK-I6,8,CLAMP,2.859218115787225,0
1,18,2,LOCAL_RESOURCE,21,JUNK-A7,2.5056917020172733,0
1,19,3,SELF_ENERGY,10,THRESH,0.9984435560167242,1
1,20,13,JUNK-I7,16,REPRODUCE,3.5490585039826654,0
1,21,10,THRESH,11,JUNK-I5,1.7360148930326242,0
1,22,3,SELF_ENERGY,21,JUNK-A7,-1.3968932157353435,0
1,23,8,CLAMP,9,DELAY,-1.6251716666158025,1
1,24,10,THRESH,8,CLAMP,-2.7135837885677665,1
1,25,0,CONST,13,JUNK-I7,-1.349284340952788,0
1,26,2,LOCAL_RESOURCE,9,DELAY,0.9851374858851893,1
1,27,13,JUNK-I7,10,THRESH,3.1828363902706993,0
1,28,4,JUNK-S4,17,MOVE_N,-3.4594561601611376,0
1,29,1,RAND,16,REPRODUCE,2.192693868831446,1
1,30,4,JUNK-S4,19,MOVE_E,2.686605426190985,0
1,31,13,JUNK-I7,14,ACTION_Y,-1.5912350840784937,0
2,0,5,JUNK-S5,8,CLAMP,2.174260689107944,0
2,1,3,SELF_ENERGY,20,MOVE_W,-0.21887874996185186,1
2,2,10,THRESH,17,MOVE_N,-1.1697134311960204,1
2,3,9,DELAY,19,MOVE_E,-1.2473525193029573,1
2,4,11,JUNK-I5,15,HARVEST,0.7010711996826074,0
2,5,10,THRESH,21,JUNK-A7,2.160588396862697,0
2,6,13,JUNK-I7,7,MUL,2.1776787621692555,0
2,7,7,MUL,21,JUNK-A7,-0.42481765190588094,0
2,8,1,RAND,16,REPRODUCE,0.9088412121951964,1
2,9,13,JUNK-I7,20,MOVE_W,-3.052461317789239,0
2,10,6,ADD,12,JUNK-I6,3.3747367778557695,0
2,11,11,JUNK-I5,6,ADD,0.02294991912594989,0
2,12,4,JUNK-S4,11,JUNK-I5,3.6368297372356335,0
2,13,5,JUNK-S5,13,JUNK-I7,-3.5706656086916717,0
2,14,8,CLAMP,6,ADD,2.642536698507645,1
2,15,0,CONST,9,DELAY,-0.8468276009399701,1
2,16,2,LOCAL_RESOURCE,20,MOVE_W,-2.3855708487197487,1
2,17,1,RAND,17,MOVE_N,1.3131504257332072,1
2,18,11,JUNK-I5,15,HARVEST,-0.7965330973235267,0
2,19,0,CONST,19,MOVE_E,0.13672292245246742,1
2,20,0,CONST,18,MOVE_S,-1.1387066255684073,1
2,21,5,JUNK-S5,7,MUL,-0.6578569902645954,0
2,22,0,CONST,15,HARVEST,1.0138248847926268,1
2,23,9,DELAY,14,ACTION_Y,3.8748741111484115,1
2,24,2,LOCAL_RESOURCE,17,MOVE_N,-0.6518753624073,1
2,25,3,SELF_ENERGY,20,MOVE_W,2.936735129856258,1
2,26,2,LOCAL_RESOURCE,19,MOVE_E,0.934232612079226,1
2,27,13,JUNK-I7,16,REPRODUCE,3.076509903256325,0
2,28,12,JUNK-I6,16,REPRODUCE,-3.262794885097812,0
2,29,11,JUNK-I5,18,MOVE_S,-1.9961546678060245,0
2,30,12,JUNK-I6,6,ADD,3.1585436567278053,0
2,31,4,JUNK-S4,17,MOVE_N,2.726157414471877,0
3,0,10,THRESH,11,JUNK-I5,-3.7459639271217995,0
3,1,13,JUNK-I7,8,CLAMP,-1.445356608783227,0
3,2,4,JUNK-S4,21,JUNK-A7,1.512131107516709,0
3,3,2,LOCAL_RESOURCE,15,HARVEST,3.6028931546983247,1
3,4,6,ADD,11,JUNK-I5,-3.9323709830011904,0
3,5,13,JUNK-I7,6,ADD,0.7519760734885708,0
3,6,7,MUL,14,ACTION_Y,-1.1820429090243232,1
3,7,3,SELF_ENERGY,13,JUNK-I7,3.2883083590197453,0
3,8,7,MUL,18,MOVE_S,-1.7363811151463362,1
3,9,8,CLAMP,13,JUNK-I7,-3.6257209997863704,0
3,10,3,SELF_ENERGY,14,ACTION_Y,2.2536088137455366,1
3,11,2,LOCAL_RESOURCE,18,MOVE_S,-0.30689413129062776,1
3,12,4,JUNK-S4,19,MOVE_E,3.021332438123722,0
3,13,5,JUNK-S5,14,ACTION_Y,-1.0687582018494217,0
3,14,11,JUNK-I5,10,THRESH,2.531083101901303,0
3,15,13,JUNK-I7,11,JUNK-I5,-0.23059785760063478,0
3,16,0,CONST,9,DELAY,3.992919705801569,1
3,17,3,SELF_ENERGY,20,MOVE_W,0.532486953337199,1
3,18,5,JUNK-S5,13,JUNK-I7,-0.8941923276467177,0
3,19,3,SELF_ENERGY,17,MOVE_N,2.6706137272255623,1
3,20,10,THRESH,12,JUNK-I6,-3.445295571764275,0
3,21,11,JUNK-I5,6,ADD,-2.8741111484115116,0
3,22,1,RAND,6,ADD,-1.6448255867183448,1
3,23,2,LOCAL_RESOURCE,15,HARVEST,-1.054353465376751,1
3,24,0,CONST,10,THRESH,2.5794244209112827,1
3,25,7,MUL,6,ADD,3.936765648365734,1
3,26,13,JUNK-I7,7,MUL,3.454695272682882,0
3,27,10,THRESH,21,JUNK-A7,3.6691793572801905,0
3,28,13,JUNK-I7,20,MOVE_W,-0.23743400372325815,0
3,29,3,SELF_ENERGY,16,REPRODUCE,-1.271645252845851,1
3,30,12,JUNK-I6,18,MOVE_S,1.1391949217200232,0
3,31,9,DELAY,20,MOVE_W,-3.064912869655446,1
4,0,9,DELAY,6,ADD,3.7277748954741052,1
4,1,6,ADD,13,JUNK-I7,-0.2786950285348064,0
4,2,2,LOCAL_RESOURCE,7,MUL,-0.3740348521378216,1
4,3,7,MUL,12,JUNK-I6,2.260567033906064,0
4,4,2,LOCAL_RESOURCE,15,HARVEST,-0.14954069643238624,1
4,5,2,LOCAL_RESOURCE,19,MOVE_E,2.2904751731925415,1
4,6,7,MUL,10,THRESH,-0.014648884548478652,1
4,7,7,MUL,10,THRESH,3.6896877956480605,1
4,8,4,JUNK-S4,13,JUNK-I7,-0.8846705526902066,0
4,9,7,MUL,8,CLAMP,-1.227210303048799,1
4,10,0,CONST,20,MOVE_W,-2.4083986938077944,1
4,11,11,JUNK-I5,20,MOVE_W,-0.5401776177251503,0
4,12,2,LOCAL_RESOURCE,14,ACTION_Y,1.955748161259804,1
4,13,2,LOCAL_RESOURCE,18,MOVE_S,-0.7214575640125737,1
4,14,1,RAND,13,JUNK-I7,-1.294106875820185,0
4,15,1,RAND,14,ACTION_Y,0.04870754112369152,1
4,16,3,SELF_ENERGY,6,ADD,1.1809442426831873,1
4,17,11,JUNK-I5,16,REPRODUCE,0.42689291055024875,0
4,18,13,JUNK-I7,18,MOVE_S,-3.8752403332621235,0
4,19,12,JUNK-I6,7,MUL,-3.380230109561449,0
4,20,5,JUNK-S5,11,JUNK-I5,3.9005096591082493,0
4,21,12,JUNK-I6,19,MOVE_E,-1.4065370647297586,0
4,22,12,JUNK-I6,21,JUNK-A7,-1.3761406292916654,0
4,23,10,THRESH,15,HARVEST,-3.729361857966857,1
4,24,9,DELAY,19,MOVE_E,-0.5714285714285714,1
4,25,2,LOCAL_RESOURCE,14,ACTION_Y,0.07470931119724113,1
4,26,3,SELF_ENERGY,15,HARVEST,-3.230933561204871,1
4,27,4,JUNK-S4,17,MOVE_N,-0.10815759758293406,0
4,28,4,JUNK-S4,12,JUNK-I6,1.4089785454878383,0
4,29,3,SELF_ENERGY,18,MOVE_S,-0.5246742149113437,1
4,30,4,JUNK-S4,21,JUNK-A7,-3.5683462019714955,0
4,31,7,MUL,21,JUNK-A7,2.2898648030030215,0
5,0,5,JUNK-S5,11,JUNK-I5,-0.8663594470046083,0
5,1,8,CLAMP,18,MOVE_S,-3.0269478438673056,1
5,2,10,THRESH,8,CLAMP,3.052339243751335,1
5,3,2,LOCAL_RESOURCE,17,MOVE_N,3.968138676107059,1
5,4,8,CLAMP,19,MOVE_E,2.922086245307779,1
5,5,0,CONST,12,JUNK-I6,3.6060670796838283,0
5,6,11,JUNK-I5,20,MOVE_W,-0.9249549851985229,0
5,7,7,MUL,7,MUL,-2.6028626361888487,1
5,8,6,ADD,6,ADD,3.666737876522111,1
5,9,1,RAND,20,MOVE_W,2.7908566545609914,1
5,10,11,JUNK-I5,14,ACTION_Y,-2.664387951292459,0
5,11,1,RAND,9,DELAY,-3.262794885097812,1
5,12,7,MUL,19,MOVE_E,-3.4312570574053165,1
5,13,5,JUNK-S5,7,MUL,3.5988647114474928,0
5,14,6,ADD,6,ADD,1.5397198400830103,1
5,15,0,CONST,18,MOVE_S,-2.8228400524918364,1
5,16,6,ADD,6,ADD,1.7162388988921782,1
5,17,11,JUNK-I5,19,MOVE_E,1.4394970549638355,0
5,18,8,CLAMP,18,MOVE_S,2.172917874691,1
5,19,7,MUL,13,JUNK-I7,0.9571825312051759,0
5,20,5,JUNK-S5,14,ACTION_Y,-3.8439893795587023,0
5,21,4,JUNK-S4,11,JUNK-I5,-2.380687887203589,0
5,22,0,CONST,18,MOVE_S,2.607257301553392,1
5,23,13,JUNK-I7,16,REPRODUCE,-1.0721762749107333,0
5,24,3,SELF_ENERGY,10,THRESH,-1.6913357951597643,1
5,25,11,JUNK-I5,19,MOVE_E,0.89089632862331,0
5,26,5,JUNK-S5,15,HARVEST,1.012237922299875,0
5,27,5,JUNK-S5,13,JUNK-I7,3.15439313943907,0
5,28,7,MUL,16,REPRODUCE,2.47529526657918,1
5,29,12,JUNK-I6,6,ADD,-3.2229987487411114,0
5,30,3,SELF_ENERGY,16,REPRODUCE,1.3946958830530718,1
5,31,11,JUNK-I5,12,JUNK-I6,0.04638813440351573,0
6,0,13,JUNK-I7,21,JUNK-A7,2.7668080690939054,0
6,1,8,CLAMP,8,CLAMP,-3.9410382396923733,1
6,2,4,JUNK-S4,16,REPRODUCE,1.0687582018494217,0
6,3,1,RAND,13,JUNK-I7,-2.237617114780114,0
6,4,4,JUNK-S4,8,CLAMP,0.34607989745780815,0
6,5,0,CONST,20,MOVE_W,-0.19006927701651052,1
6,6,2,LOCAL_RESOURCE,7,MUL,-2.7680288094729453,1
6,7,2,LOCAL_RESOURCE,14,ACTION_Y,-2.5995666371654407,1
6,8,10,THRESH,7,MUL,-0.9096957304605243,1
6,9,6,ADD,6,ADD,2.1231116672261727,1
6,10,7,MUL,12,JUNK-I6,-3.3295693838312936,0
6,11,0,CONST,10,THRESH,-2.5060579241309853,1
6,12,0,CONST,17,MOVE_N,-1.6294442579424422,1
6,13,10,THRESH,9,DELAY,-3.0710165715506457,1
6,14,0,CONST,19,MOVE_E,-2.5741752372814113,1
6,15,8,CLAMP,21,JUNK-A7,2.228949858088931,0
6,16,7,MUL,16,REPRODUCE,2.3317361980040894,1
6,17,2,LOCAL_RESOURCE,14,ACTION_Y,-3.161473433637501,1
6,18,1,RAND,16,REPRODUCE,-1.487716299935911,1
6,19,3,SELF_ENERGY,15,HARVEST,0.48072756126590777,1
6,20,0,CONST,16,REPRODUCE,-3.8848841822565388,1
6,21,3,SELF_ENERGY,20,MOVE_W,0.09790337839899899,1
6,22,5,JUNK-S5,21,JUNK-A7,0.4525284585100864,0
6,23,4,JUNK-S4,8,CLAMP,2.521561326944792,0
6,24,10,THRESH,11,JUNK-I5,1.3967711416974395,0
6,25,11,JUNK-I5,18,MOVE_S,1.2775048066652426,0
6,26,2,LOCAL_RESOURCE,18,MOVE_S,-1.4641560106204412,1
6,27,6,ADD,18,MOVE_S,-3.218848231452376,1
6,28,10,THRESH,11,JUNK-I5,-0.7312234870448927,0
6,29,3,SELF_ENERGY,19,MOVE_E,2.2088076418347726,1
6,30,11,JUNK-I5,8,CLAMP,0.9884334849085971,0
6,31,5,JUNK-S5,14,ACTION_Y,-3.9952391125217446,0
7,0,7,MUL,11,JUNK-I5,-2.71919919431135,0
7,1,5,JUNK-S5,21,JUNK-A7,-2.3761711478011414,0
7,2,7,MUL,6,ADD,-3.262062440870388,1
7,3,12,JUNK-I6,20,MOVE_W,1.4888149662770471,0
7,4,3,SELF_ENERGY,7,MUL,2.7768181402020327,1
7,5,7,MUL,11,JUNK-I5,2.3949705496383555,0
7,6,0,CONST,13,JUNK-I7,0.1881160924100467,0
7,7,4,JUNK-S4,19,MOVE_E,-2.159978026673177,0
7,8,0,CONST,18,MOVE_S,-3.0790734580523087,1
7,9,13,JUNK-I7,18,MOVE_S,0.6854457228308969,0
7,10,13,JUNK-I7,17,MOVE_N,-1.0478835413678396,0
7,11,2,LOCAL_RESOURCE,19,MOVE_E,3.0943327127903073,1
7,12,9,DELAY,17,MOVE_N,-0.9448530533768731,1
7,13,13,JUNK-I7,18,MOVE_S,-3.999633777886288,0
7,14,12,JUNK-I6,13,JUNK-I7,-2.598467970824305,0
7,15,2,LOCAL_RESOURCE,14,ACTION_Y,-2.023987548448134,1
7,16,4,JUNK-S4,21,JUNK-A7,2.7211523789178136,0
7,17,5,JUNK-S5,12,JUNK-I6,-0.04431287575914793,0
7,18,12,JUNK-I6,13,JUNK-I7,-0.09912411877803888,0
7,19,1,RAND,18,MOVE_S,3.9385967589342936,1
7,20,9,DELAY,16,REPRODUCE,0.17200231940672017,1
7,21,1,RAND,6,ADD,1.0836512344737084,1
7,22,1,RAND,15,HARVEST,0.30274361400189215,1
7,23,3,SELF_ENERGY,20,MOVE_W,-0.6827600939970092,1
7,24,4,JUNK-S4,12,JUNK-I6,-1.509689626758629,0
7,25,4,JUNK-S4,7,MUL,1.8828699606311228,0
7,26,3,SELF_ENERGY,10,THRESH,2.055482650227363,1
7,27,5,JUNK-S5,11,JUNK-I5,2.153874324777978,0
7,28,4,JUNK-S4,16,REPRODUCE,-1.914120914334544,0
7,29,0,CONST,12,JUNK-I6,-1.260780663472396,0
7,30,9,DELAY,20,MOVE_W,2.852259895626698,1
7,31,8,CLAMP,14,ACTION_Y,-0.34327219458601643,1
8,0,7,MUL,14,ACTION_Y,-3.774651326029237,1
8,1,4,JUNK-S4,17,MOVE_N,-1.6047853022858363,0
8,2,5,JUNK-S5,6,ADD,-1.3744315927610096,0
8,3,4,JUNK-S4,20,MOVE_W,-0.08838160344248787,0
8,4,12,JUNK-I6,14,ACTION_Y,3.5477156895657216,0
8,5,5,JUNK-S5,10,THRESH,-3.19541001617481,0
8,6,11,JUNK-I5,12,JUNK-I6,1.054963835566271,0
8,7,12,JUNK-I6,19,MOVE_E,-3.998535111545152,0
8,8,10,THRESH,19,MOVE_E,0.6388134403515733,1
8,9,3,SELF_ENERGY,8,CLAMP,-2.80428479873043,1
8,10,13,JUNK-I7,8,CLAMP,-1.836481826227607,0
8,11,13,JUNK-I7,13,JUNK-I7,1.0082094790490432,0
8,12,9,DELAY,10,THRESH,0.08496353038117618,1
8,13,3,SELF_ENERGY,11,JUNK-I5,1.9741813409833064,0
8,14,5,JUNK-S5,14,ACTION_Y,1.519455549790948,0
8,15,5,JUNK-S5,8,CLAMP,1.8921475875118259,0
8,16,2,LOCAL_RESOURCE,16,REPRODUCE,3.372173223059786,1
8,17,6,ADD,20,MOVE_W,1.9837031159398175,1
8,18,13,JUNK-I7,11,JUNK-I5,3.1139866328928494,0
8,19,1,RAND,21,JUNK-A7,3.814569536423841,0
8,20,1,RAND,14,ACTION_Y,1.1113620410779137,1
8,21,2,LOCAL_RESOURCE,16,REPRODUCE,1.7252723776970733,1
8,22,12,JUNK-I6,18,MOVE_S,0.08874782555619984,0
8,23,6,ADD,10,THRESH,1.1119724112674336,1
8,24,2,LOCAL_RESOURCE,13,JUNK-I7,-0.4442274239326151,0
8,25,12,JUNK-I6,10,THRESH,-1.2787255470442824,0
8,26,1,RAND,15,HARVEST,2.911343729972228,1
8,27,3,SELF_ENERGY,9,DELAY,3.0295113986632893,1
8,28,5,JUNK-S5,12,JUNK-I6,1.2795800653096103,0
8,29,1,RAND,8,CLAMP,1.7650685140537736,1
8,30,1,RAND,21,JUNK-A7,2.377636036255989,0
8,31,1,RAND,19,MOVE_E,-0.6963103122043519,1
9,0,5,JUNK-S5,12,JUNK-I6,0.7032685323648793,0
9,1,10,THRESH,9,DELAY,3.3871883297219765,1
9,2,1,RAND,19,MOVE_E,-1.1393169957579272,1
9,3,5,JUNK-S5,19,MOVE_E,0.6218451490829188,0
9,4,12,JUNK-I6,10,THRESH,-1.2351451155125583,0
9,5,3,SELF_ENERGY,17,MOVE_N,-1.7637256996368298,1
9,6,8,CLAMP,18,MOVE_S,-1.7096469008453627,1
9,7,11,JUNK-I5,18,MOVE_S,3.5927610095522935,0
9,8,9,DELAY,6,ADD,1.9608752708517716,1
9,9,13,JUNK-I7,6,ADD,2.98117007965331,0
9,10,2,LOCAL_RESOURCE,18,MOVE_S,-1.032135990478225,1
9,11,1,RAND,18,MOVE_S,-2.9064607684560686,1
9,12,0,CONST,21,JUNK-A7,3.577501754814295,0
9,13,1,RAND,11,JUNK-I5,-3.902829065828425,0
9,14,5,JUNK-S5,14,ACTION_Y,-2.0272835474715416,0
9,15,6,ADD,6,ADD,-1.9721060823389385,1
9,16,12,JUNK-I6,16,REPRODUCE,2.5786919766838587,0
9,17,13,JUNK-I7,16,REPRODUCE,-0.21985534226508377,0
9,18,2,LOCAL_RESOURCE,19,MOVE_E,2.522049623096408,1
9,19,12,JUNK-I6,15,HARVEST,-0.41444135868404186,0
9,20,13,JUNK-I7,20,MOVE_W,-2.7021088290047914,0
9,21,2,LOCAL_RESOURCE,11,JUNK-I5,0.20020142216254158,0
9,22,1,RAND,8,CLAMP,3.378276924954985,1
9,23,4,JUNK-S4,21,JUNK-A7,-0.3869747001556444,0
9,24,9,DELAY,18,MOVE_S,3.5139011810663168,1
9,25,7,MUL,15,HARVEST,1.9403668324839014,1
9,26,0,CONST,18,MOVE_S,1.5356913968321788,1
9,27,5,JUNK-S5,12,JUNK-I6,1.97735526596881,0
9,28,4,JUNK-S4,15,HARVEST,0.4594866786706137,0
9,29,13,JUNK-I7,16,REPRODUCE,-3.0042420728171635,0
9,30,8,CLAMP,18,MOVE_S,1.402386547441023,1
9,31,3,SELF_ENERGY,18,MOVE_S,0.5982848597674489,1
10,0,6,ADD,13,JUNK-I7,3.546006653035066,0
10,1,2,LOCAL_RESOURCE,21,JUNK-A7,1.717093417157506,0
10,2,12,JUNK-I6,13,JUNK-I7,0.09070101016266366,0
10,3,10,THRESH,10,THRESH,-2.910122989593188,1
10,4,0,CONST,21,JUNK-A7,-1.260780663472396,0
10,5,2,LOCAL_RESOURCE,18,MOVE_S,-1.1053804132206182,1
10,6,8,CLAMP,6,ADD,2.3607898190252388,1
10,7,5,JUNK-S5,12,JUNK-I6,-1.3075350199896236,0
10,8,10,THRESH,12,JUNK-I6,-3.6230353709524827,0
10,9,3,SELF_ENERGY,21,JUNK-A7,3.1264381847590563,0
10,10,5,JUNK-S5,13,JUNK-I7,-2.0352183599353006,0
10,11,5,JUNK-S5,11,JUNK-I5,1.4263130588702049,0
10,12,1,RAND,9,DELAY,-3.628284554582354,1
10,13,3,SELF_ENERGY,12,JUNK-I6,1.1337015900143437,0
10,14,12,JUNK-I6,19,MOVE_E,-1.2473525193029573,0
10,15,8,CLAMP,9,DELAY,2.7437360759300518,1
10,16,12,JUNK-I6,9,DELAY,-2.6757408368175297,0
10,17,7,MUL,11,JUNK-I5,-0.6142765587328715,0
10,18,10,THRESH,7,MUL,3.165501876888333,1
10,19,10,THRESH,13,JUNK-I7,-2.5279091769157995,0
10,20,1,RAND,16,REPRODUCE,3.4214911343729972,1
10,21,2,LOCAL_RESOURCE,19,MOVE_E,-3.847529526657918,1
10,22,0,CONST,11,JUNK-I5,0.13098544267097995,0
10,23,7,MUL,17,MOVE_N,-1.1643421735282449,1
10,24,13,JUNK-I7,13,JUNK-I7,0.5537278359324931,0
10,25,8,CLAMP,10,THRESH,-1.2230597857600636,1
10,26,12,JUNK-I6,14,ACTION_Y,2.3097628711813716,0
10,27,13,JUNK-I7,19,MOVE_E,-3.833735160374767,0
10,28,12,JUNK-I6,21,JUNK-A7,-3.3619190038758506,0
10,29,2,LOCAL_RESOURCE,14,ACTION_Y,-2.544022949919126,1
10,30,13,JUNK-I7,13,JUNK-I7,0.1532029175695059,0
10,31,1,RAND,6,ADD,2.597735526596881,1
11,0,10,THRESH,15,HARVEST,-0.17578661458174383,1
11,1,12,JUNK-I6,9,DELAY,-0.7210913418988617,0
11,2,13,JUNK-I7,13,JUNK-I7,3.664784691915647,0
11,3,0,CONST,13,JUNK-I7,-3.704824976348155,0
11,4,1,RAND,8,CLAMP,0.21558275093844417,1
11,5,12,JUNK-I6,7,MUL,0.9587694936979277,0
11,6,13,JUNK-I7,14,ACTION_Y,-2.878627887813959,0
11,7,13,JUNK-I7,13,JUNK-I7,2.0263069551683097,0
11,8,4,JUNK-S4,10,THRESH,1.6908474990081483,0
11,9,13,JUNK-I7,16,REPRODUCE,-3.6562395092623676,0
11,10,11,JUNK-I5,19,MOVE_E,-0.30384228034302807,0
11,11,3,SELF_ENERGY,18,MOVE_S,-2.7127292703024386,1
11,12,4,JUNK-S4,20,MOVE_W,0.7573473311563463,0
11,13,6,ADD,19,MOVE_E,2.301950132755516,1
11,14,3,SELF_ENERGY,18,MOVE_S,2.980071413312174,1
11,15,5,JUNK-S5,18,MOVE_S,3.9915768913846246,0
11,16,4,JUNK-S4,19,MOVE_E,3.5267189550462357,0
11,17,7,MUL,12,JUNK-I6,-3.4172185430463577,0
11,18,6,ADD,18,MOVE_S,-3.513290810876797,1
11,19,3,SELF_ENERGY,13,JUNK-I7,2.7348246711630604,0
11,20,11,JUNK-I5,16,REPRODUCE,3.8438673055207984,0
11,21,2,LOCAL_RESOURCE,11,JUNK-I5,2.801477095858638,0
11,22,9,DELAY,21,JUNK-A7,-0.4873195593127232,0
11,23,3,SELF_ENERGY,10,THRESH,3.684926908169805,1
11,24,4,JUNK-S4,7,MUL,-0.7311014130069887,0
11,25,13,JUNK-I7,17,MOVE_N,-1.7417523728141118,0
11,26,10,THRESH,13,JUNK-I7,-2.1830500198370313,0
11,27,7,MUL,19,MOVE_E,3.651356547746208,1
11,28,0,CONST,21,JUNK-A7,-1.8297677541428876,0
11,29,3,SELF_ENERGY,19,MOVE_E,-2.7465437788018434,1
11,30,5,JUNK-S5,10,THRESH,0.21033356730857264,0
11,31,10,THRESH,8,CLAMP,0.5157628101443525,1
12,0,3,SELF_ENERGY,11,JUNK-I5,-2.128727072969756,0
12,1,1,RAND,11,JUNK-I5,0.6754356517227699,0
12,2,10,THRESH,15,HARVEST,3.1803949095126196,1
12,3,1,RAND,7,MUL,3.6805322428052616,1
12,4,4,JUNK-S4,18,MOVE_S,-3.641712698751793,0
12,5,5,JUNK-S5,16,REPRODUCE,-1.0935392315439314,0
12,6,0,CONST,18,MOVE_S,2.5144810327463607,1
12,7,3,SELF_ENERGY,10,THRESH,1.119907223731193,1
12,8,2,LOCAL_RESOURCE,12,JUNK-I6,-2.075746940519425,0
12,9,4,JUNK-S4,20,MOVE_W,-3.8516800439466534,0
12,10,8,CLAMP,6,ADD,-2.0088503677480394,1
12,11,3,SELF_ENERGY,21,JUNK-A7,-0.038087099826044496,0
12,12,1,RAND,11,JUNK-I5,-3.2276375621814632,0
12,13,2,LOCAL_RESOURCE,13,JUNK-I7,-1.4048280281991028,0
12,14,5,JUNK-S5,10,THRESH,-2.2440870387890257,0
12,15,8,CLAMP,14,ACTION_Y,-0.42762535477767266,1
12,16,0,CONST,9,DELAY,2.2919400616473893,1
12,17,5,JUNK-S5,9,DELAY,1.1374858851893674,0
12,18,9,DELAY,9,DELAY,1.086703085421308,1
12,19,9,DELAY,15,HARVEST,1.3651539658803065,1
12,20,6,ADD,12,JUNK-I6,2.648396252327036,0
12,21,0,CONST,16,REPRODUCE,-1.2364879299295022,1
12,22,10,THRESH,7,MUL,-3.140354625080111,1
12,23,5,JUNK-S5,13,JUNK-I7,-1.6014893032624287,0
12,24,13,JUNK-I7,9,DELAY,3.2869655446028014,0
12,25,11,JUNK-I5,19,MOVE_E,-3.1575670644245735,0
12,26,9,DELAY,19,MOVE_E,1.4617145298623615,1
12,27,1,RAND,10,THRESH,-3.423810541093173,1
12,28,5,JUNK-S5,9,DELAY,-3.7658619953001495,0
12,29,5,JUNK-S5,18,MOVE_S,1.618335520493179,0
12,30,4,JUNK-S4,8,CLAMP,-3.6037476729636526,0
12,31,9,DELAY,8,CLAMP,-0.9074983977782525,1
13,0,13,JUNK-I7,14,ACTION_Y,1.5393536179692984,0
13,1,2,LOCAL_RESOURCE,20,MOVE_W,-0.4504531998657186,1
13,2,5,JUNK-S5,6,ADD,-0.9474166081728569,0
13,3,5,JUNK-S5,20,MOVE_W,-2.608844264046144,0
13,4,12,JUNK-I6,17,MOVE_N,3.934080019531846,0
13,5,0,CONST,20,MOVE_W,-2.4859157078768273,1
13,6,7,MUL,10,THRESH,2.229316080202643,1
13,7,0,CONST,19,MOVE_E,-0.8200933866389966,1
13,8,13,JUNK-I7,8,CLAMP,-3.224585711233863,0
13,9,11,JUNK-I5,13,JUNK-I7,-2.8932767723624377,0
13,10,3,SELF_ENERGY,21,JUNK-A7,1.8093813898129216,0
13,11,8,CLAMP,9,DELAY,1.8774987029633472,1
13,12,0,CONST,21,JUNK-A7,-1.2895901364177373,0
13,13,4,JUNK-S4,6,ADD,3.3226111636707665,0
13,14,1,RAND,16,REPRODUCE,-3.087008270516068,1
13,15,5,JUNK-S5,15,HARVEST,-2.8109988708151494,0
13,16,13,JUNK-I7,18,MOVE_S,1.2480849635303812,0
13,17,4,JUNK-S4,16,REPRODUCE,-1.0370189519943847,0
13,18,2,LOCAL_RESOURCE,17,MOVE_N,0.6051210058900723,1
13,19,4,JUNK-S4,9,DELAY,-0.25708792382580037,0
13,20,11,JUNK-I5,12,JUNK-I6,1.303872798852504,0
13,21,7,MUL,15,HARVEST,-2.4773705252235483,1
13,22,0,CONST,17,MOVE_N,1.3658864101077304,1
13,23,12,JUNK-I6,20,MOVE_W,-0.3067720572527238,0
13,24,5,JUNK-S5,12,JUNK-I6,1.9884640034180732,0
13,25,7,MUL,15,HARVEST,-2.269234290597247,1
13,26,9,DELAY,13,JUNK-I7,2.5945616016113773,0
13,27,12,JUNK-I6,15,HARVEST,-1.044587542344432,0
13,28,5,JUNK-S5,11,JUNK-I5,0.7635731070894497,0
13,29,6,ADD,14,ACTION_Y,-0.28724021118808557,1
13,30,9,DELAY,10,THRESH,-0.6136661885433515,1
13,31,9,DELAY,6,ADD,-1.2912991729483931,1
14,0,5,JUNK-S5,11,JUNK-I5,-3.884640034180731,0
14,1,5,JUNK-S5,20,MOVE_W,0.5102694784386731,0
14,2,5,JUNK-S5,20,MOVE_W,-3.506942960905789,0
14,3,13,JUNK-I7,19,MOVE_E,-2.531937620166631,0
14,4,2,LOCAL_RESOURCE,17,MOVE_N,-1.2041383098849452,1
14,5,7,MUL,18,MOVE_S,-1.8087710196234017,1
14,6,5,JUNK-S5,8,CLAMP,-2.357982116153447,0
14,7,0,CONST,6,ADD,-2.7646107364116337,1
14,8,1,RAND,7,MUL,0.3922238837855159,1
14,9,11,JUNK-I5,8,CLAMP,1.7164830469679861,0
14,10,4,JUNK-S4,8,CLAMP,3.414654988250374,0
14,11,1,RAND,17,MOVE_N,-2.4284188360240484,1
14,12,7,MUL,18,MOVE_S,2.4586931974242376,1
14,13,8,CLAMP,16,REPRODUCE,0.8655049287392804,1
14,14,12,JUNK-I6,6,ADD,-0.6587115085299234,0
14,15,3,SELF_ENERGY,8,CLAMP,-3.366679891354106,1
14,16,1,RAND,13,JUNK-I7,-3.7679372539445173,0
14,17,2,LOCAL_RESOURCE,13,JUNK-I7,-1.3718680379650259,0
14,18,12,JUNK-I6,19,MOVE_E,1.1938840907010102,0
14,19,5,JUNK-S5,14,ACTION_Y,1.271645252845851,0
14,20,2,LOCAL_RESOURCE,15,HARVEST,-0.8457289345988341,1
14,21,2,LOCAL_RESOURCE,20,MOVE_W,-3.5057222205267493,1
14,22,10,THRESH,9,DELAY,-2.3770256660664693,1
14,23,12,JUNK-I6,21,JUNK-A7,0.4084597308267464,0
14,24,11,JUNK-I5,17,MOVE_N,-2.3986327707754755,0
14,25,13,JUNK-I7,12,JUNK-I6,0.543717764824366,0
14,26,2,LOCAL_RESOURCE,21,JUNK-A7,3.6506241035187843,0
14,27,3,SELF_ENERGY,7,MUL,-3.840083010345775,1
14,28,9,DELAY,12,JUNK-I6,3.5502792443617053,0
14,29,12,JUNK-I6,20,MOVE_W,2.5259559923093358,0
14,30,3,SELF_ENERGY,13,JUNK-I7,-1.0953703421124912,0
14,31,7,MUL,20,MOVE_W,-0.5421308023316141,1
15,0,2,LOCAL_RESOURCE,10,THRESH,1.7843562120426038,1
15,1,1,RAND,13,JUNK-I7,2.1780449842829674,0
15,2,11,JUNK-I5,9,DELAY,0.7113254188665425,0
15,3,2,LOCAL_RESOURCE,21,JUNK-A7,2.077578051087985,0
15,4,5,JUNK-S5,6,ADD,0.7048554948576311,0
15,5,1,RAND,13,JUNK-I7,-0.6906949064607685,0
15,6,7,MUL,6,ADD,-2.8975493636890772,1
15,7,6,ADD,6,ADD,0.15918454542680135,1
15,8,13,JUNK-I7,21,JUNK-A7,-0.17456587420270395,0
15,9,4,JUNK-S4,18,MOVE_S,-2.206366161076693,0
15,10,3,SELF_ENERGY,17,MOVE_N,0.4096804712057863,1
15,11,2,LOCAL_RESOURCE,9,DELAY,0.3707388531144139,1
15,12,13,JUNK-I7,9,DELAY,-1.847224341563158,0
15,13,3,SELF_ENERGY,12,JUNK-I6,-3.3762016663106174,0
15,14,1,RAND,10,THRESH,-2.227973265785699,1
15,15,5,JUNK-S5,21,JUNK-A7,3.085055085909604,0
15,16,6,ADD,6,ADD,3.9089327677236243,1
15,17,10,THRESH,17,MOVE_N,-3.28171636097293,1
15,18,9,DELAY,11,JUNK-I5,2.19647816400647,0
15,19,11,JUNK-I5,15,HARVEST,-1.1255226294747764,0
15,20,12,JUNK-I6,10,THRESH,0.10925626392406995,0
15,21,4,JUNK-S4,14,ACTION_Y,-3.9143040253914,0
15,22,10,THRESH,18,MOVE_S,-3.9919431134983365,1
15,23,4,JUNK-S4,10,THRESH,-1.3114413892025514,0
15,24,0,CONST,9,DELAY,-0.9597460860011597,1
15,25,0,CONST,10,THRESH,3.738273262733848,1
15,26,6,ADD,18,MOVE_S,2.2665486617633595,1
15,27,4,JUNK-S4,19,MOVE_E,-1.5178685872981963,0
15,28,0,CONST,10,THRESH,0.13989684743797112,1
15,29,12,JUNK-I6,20,MOVE_W,0.1261024811548204,0
15,30,2,LOCAL_RESOURCE,15,HARVEST,3.7531662953581346,1
15,31,8,CLAMP,18,MOVE_S,-3.513046662800989,1
16,0,1,RAND,20,MOVE_W,0.8471938230536821,1
16,1,4,JUNK-S4,15,HARVEST,3.8500930814539016,0
16,2,11,JUNK-I5,11,JUNK-I5,-0.6356395153660696,0
16,3,9,DELAY,18,MOVE_S,-0.7221900082399976,1
16,4,11,JUNK-I5,19,MOVE_E,0.7584459974974822,0
16,5,10,THRESH,17,MOVE_N,2.337107455671865,1
16,6,11,JUNK-I5,6,ADD,2.1803643910031436,0
16,7,5,JUNK-S5,12,JUNK-I6,-1.8724936674092838,0
16,8,0,CONST,9,DELAY,1.261024811548204,1
16,9,12,JUNK-I6,17,MOVE_N,-3.4905850398266547,0
16,10,1,RAND,19,MOVE_E,0.6911832026123844,1
16,11,1,RAND,21,JUNK-A7,0.249885555589465,0
16,12,11,JUNK-I5,13,JUNK-I7,3.0705282753990297,0
16,13,12,JUNK-I6,9,DELAY,2.101748710592975,0
16,14,12,JUNK-I6,9,DELAY,-1.0797448652607806,0
16,15,11,JUNK-I5,18,MOVE_S,-3.3504440443128756,0
16,16,12,JUNK-I6,21,JUNK-A7,-3.7963805047761467,0
16,17,4,JUNK-S4,15,HARVEST,-1.706595049897763,0
16,18,9,DELAY,11,JUNK-I5,-3.088961455122532,0
16,19,2,LOCAL_RESOURCE,11,JUNK-I5,2.3439436017944884,0
16,20,12,JUNK-I6,15,HARVEST,0.11450544755394146,0
16,21,5,JUNK-S5,7,MUL,-3.1589098788415173,0
16,22,5,JUNK-S5,14,ACTION_Y,-0.8532975249488814,0
16,23,5,JUNK-S5,13,JUNK-I7,3.947508163701285,0
16,24,0,CONST,20,MOVE_W,0.5575121311075167,1
16,25,1,RAND,8,CLAMP,3.055024872585223,1
16,26,0,CONST,21,JUNK-A7,-2.194769127475814,0
16,27,4,JUNK-S4,20,MOVE_W,-1.3500167851802118,0
16,28,12,JUNK-I6,21,JUNK-A7,0.48500015259254736,0
16,29,4,JUNK-S4,20,MOVE_W,-0.6722617267372661,0
16,30,9,DELAY,16,REPRODUCE,-3.550767540513321,1
16,31,0,CONST,15,HARVEST,1.5923337504196295,1
17,0,2,LOCAL_RESOURCE,9,DELAY,-2.4638203070162055,1
17,1,7,MUL,16,REPRODUCE,2.186223944822535,1
17,2,2,LOCAL_RESOURCE,12,JUNK-I6,-3.9957274086733605,0
17,3,9,DELAY,21,JUNK-A7,0.3596301156651509,0
17,4,13,JUNK-I7,17,MOVE_N,-1.8705404828028198,0
17,5,13,JUNK-I7,19,MOVE_E,3.007415997802667,0
17,6,10,THRESH,15,HARVEST,-2.5502487258522293,1
17,7,7,MUL,8,CLAMP,3.6701559495834224,1
17,8,3,SELF_ENERGY,10,THRESH,0.7574694051942503,1
17,9,8,CLAMP,13,JUNK-I7,-1.9765007477034822,0
17,10,2,LOCAL_RESOURCE,20,MOVE_W,-3.7520676290169988,1
17,11,0,CONST,16,REPRODUCE,-0.7014374217963195,1
17,12,5,JUNK-S5,14,ACTION_Y,1.7756889553514206,0
17,13,1,RAND,6,ADD,-3.446272164067507,1
17,14,6,ADD,9,DELAY,0.5827814569536424,1
17,15,12,JUNK-I6,19,MOVE_E,-0.10242011780144658,0
17,16,8,CLAMP,20,MOVE_W,2.801355021820734,1
17,17,6,ADD,18,MOVE_S,0.5592211676381725,1
17,18,13,JUNK-I7,20,MOVE_W,-3.2521744438001647,0
17,19,13,JUNK-I7,16,REPRODUCE,1.0205389568773462,0
17,20,2,LOCAL_RESOURCE,14,ACTION_Y,-3.575670644245735,1
17,21,0,CONST,18,MOVE_S,-0.228278450880459,1
17,22,4,JUNK-S4,13,JUNK-I7,-2.380932035279397,0
17,23,9,DELAY,16,REPRODUCE,2.980925931577502,1
17,24,3,SELF_ENERGY,11,JUNK-I5,-2.229926450392163,0
17,25,1,RAND,8,CLAMP,-3.737784966582232,1
17,26,7,MUL,9,DELAY,2.748741111484115,1
17,27,9,DELAY,21,JUNK-A7,-0.7685781426435133,0
17,28,8,CLAMP,19,MOVE_E,0.8567155980101931,1
17,29,10,THRESH,13,JUNK-I7,-3.2658467360454115,0
17,30,1,RAND,10,THRESH,3.2845240638447217,1
17,31,13,JUNK-I7,8,CLAMP,-2.596026490066225,0
18,0,11,JUNK-I5,7,MUL,1.3000885036774803,0
18,1,0,CONST,16,REPRODUCE,1.1678823206274604,1
18,2,1,RAND,9,DELAY,2.825281533249916,1
18,3,13,JUNK-I7,20,MOVE_W,0.7081514938810388,0
18,4,9,DELAY,7,MUL,1.2806787316507462,1
18,5,6,ADD,7,MUL,1.1271095919675282,1
18,6,3,SELF_ENERGY,10,THRESH,0.022461622974333934,1
18,7,10,THRESH,20,MOVE_W,-3.8001647999511703,1
18,8,6,ADD,6,ADD,0.9481490524002808,1
18,9,8,CLAMP,11,JUNK-I5,-2.805627613147374,0
18,10,6,ADD,12,JUNK-I6,2.447462385937071,0
18,11,1,RAND,13,JUNK-I7,2.9844660786767174,0
18,12,2,LOCAL_RESOURCE,13,JUNK-I7,3.011566515091403,0
18,13,1,RAND,14,ACTION_Y,2.2134464552751245,1
18,14,6,ADD,6,ADD,-3.685659352397229,1
18,15,10,THRESH,10,THRESH,-3.8419141209143346,1
18,16,11,JUNK-I5,20,MOVE_W,-0.9222693563646351,0
18,17,12,JUNK-I6,18,MOVE_S,3.164281136509293,0
18,18,7,MUL,12,JUNK-I6,0.1835993530075991,0
18,19,1,RAND,16,REPRODUCE,-0.05700857570116276,1
18,20,3,SELF_ENERGY,6,ADD,2.6640217291787467,1
18,21,0,CONST,16,REPRODUCE,-0.5389568773461104,1
18,22,11,JUNK-I5,13,JUNK-I7,3.6468398083437603,0
18,23,0,CONST,14,ACTION_Y,-0.902371288186285,1
18,24,1,RAND,19,MOVE_E,-3.858394116031373,1
18,25,2,LOCAL_RESOURCE,11,JUNK-I5,-0.27759636219367045,0
18,26,6,ADD,8,CLAMP,-2.9657887508774072,1
18,27,10,THRESH,20,MOVE_W,0.6561479537339396,1
18,28,5,JUNK-S5,11,JUNK-I5,-3.088351084933012,0
18,29,9,DELAY,7,MUL,-0.4105349894711142,1
18,30,1,RAND,11,JUNK-I5,1.141026032288583,0
18,31,13,JUNK-I7,21,JUNK-A7,-3.242774742881558,0
19,0,1,RAND,19,MOVE_E,3.7077547532578508,1
19,1,6,ADD,18,MOVE_S,-3.6270638142033143,1
19,2,5,JUNK-S5,13,JUNK-I7,-1.5713370159001434,0
19,3,5,JUNK-S5,8,CLAMP,3.9254127628406628,0
19,4,5,JUNK-S5,7,MUL,-0.8324228644672994,0
19,5,11,JUNK-I5,18,MOVE_S,3.4717856379894405,0
19,6,2,LOCAL_RESOURCE,20,MOVE_W,3.8507034516434215,1
19,7,11,JUNK-I5,17,MOVE_N,3.8632770775475325,0
19,8,2,LOCAL_RESOURCE,21,JUNK-A7,1.977111117893002,0
19,9,4,JUNK-S4,13,JUNK-I7,1.2572405163731804,0
19,10,4,JUNK-S4,12,JUNK-I6,3.7759941404461808,0
19,11,0,CONST,16,REPRODUCE,-2.2780236213263345,1
19,12,5,JUNK-S5,17,MOVE_N,-3.4413892025513473,0
19,13,7,MUL,18,MOVE_S,2.8102664265877255,1
19,14,7,MUL,16,REPRODUCE,1.7705618457594532,1
19,15,13,JUNK-I7,12,JUNK-I6,-0.7778557695242164,0
19,16,5,JUNK-S5,11,JUNK-I5,-3.8306833094271675,0
19,17,8,CLAMP,20,MOVE_W,-2.4716330454420605,1
19,18,5,JUNK-S5,11,JUNK-I5,0.4524063844721824,0
19,19,5,JUNK-S5,15,HARVEST,1.467085787530137,0
19,20,0,CONST,11,JUNK-I5,2.825281533249916,0
19,21,10,THRESH,18,MOVE_S,2.053407391582995,1
19,22,12,JUNK-I6,19,MOVE_E,-3.2992950224311044,0
19,23,5,JUNK-S5,9,DELAY,2.30207220679342,0
19,24,4,JUNK-S4,6,ADD,-0.4002807702871792,0
19,25,2,LOCAL_RESOURCE,15,HARVEST,-1.522385326700644,1
19,26,2,LOCAL_RESOURCE,21,JUNK-A7,0.09436323129978332,0
19,27,6,ADD,10,THRESH,-3.7197180089724418,1
19,28,2,LOCAL_RESOURCE,9,DELAY,-0.5202795495468001,1
19,29,4,JUNK-S4,8,CLAMP,0.0998565630054628,0
19,30,13,JUNK-I7,14,ACTION_Y,-0.009521774956511124,0
19,31,5,JUNK-S5,21,JUNK-A7,3.6138798181096834,0
20,0,6,ADD,8,CLAMP,-1.7457808160649433,1
20,1,0,CONST,8,CLAMP,0.18494216742454297,1
20,2,10,THRESH,19,MOVE_E,-2.3827631458479566,1
20,3,3,SELF_ENERGY,12,JUNK-I6,0.8307138279366436,0
20,4,0,CONST,10,THRESH,2.0690328684347055,1
20,5,8,CLAMP,19,MOVE_E,3.021210364085818,1
20,6,1,RAND,15,HARVEST,2.869106112857448,1
20,7,7,MUL,19,MOVE_E,1.348918118839076,1
20,8,4,JUNK-S4,9,DELAY,0.7790765099032563,0
20,9,2,LOCAL_RESOURCE,8,CLAMP,1.7867976928006837,1
20,10,13,JUNK-I7,10,THRESH,1.7161168248542742,0
20,11,4,JUNK-S4,7,MUL,-3.9620349742118597,0
20,12,12,JUNK-I6,20,MOVE_W,-2.314889980773339,0
20,13,9,DELAY,6,ADD,-2.1821955015717034,1
20,14,2,LOCAL_RESOURCE,12,JUNK-I6,1.2706686605426192,0
20,15,9,DELAY,21,JUNK-A7,-1.848078859828486,0
20,16,13,JUNK-I7,17,MOVE_N,1.0796227912228766,0
20,17,12,JUNK-I6,14,ACTION_Y,2.0086062196722314,0
20,18,9,DELAY,8,CLAMP,-2.8045289468062378,1
20,19,5,JUNK-S5,8,CLAMP,-3.8757286294137394,0
20,20,9,DELAY,6,ADD,-2.316232795190283,1
20,21,4,JUNK-S4,8,CLAMP,-3.229834894863735,0
20,22,1,RAND,6,ADD,-2.335764641254921,1
20,23,8,CLAMP,11,JUNK-I5,0.04174932096316416,0
20,24,2,LOCAL_RESOURCE,7,MUL,-1.1705679494613483,1
20,25,13,JUNK-I7,17,MOVE_N,-0.7253639332255013,0
20,26,5,JUNK-S5,7,MUL,-3.0704062013611253,0
20,27,0,CONST,21,JUNK-A7,2.2401806695760977,0
20,28,2,LOCAL_RESOURCE,16,REPRODUCE,1.2428357799005096,1
20,29,5,JUNK-S5,20,MOVE_W,-1.3083895382549515,0
20,30,10,THRESH,14,ACTION_Y,2.0908841212195197,1
20,31,5,JUNK-S5,10,THRESH,-1.2413708914456618,0
21,0,10,THRESH,10,THRESH,-1.5234839930417798,1
21,1,4,JUNK-S4,14,ACTION_Y,1.8678548539689321,0
21,2,0,CONST,9,DELAY,2.4854274117252113,1
21,3,1,RAND,10,THRESH,1.261879329813532,1
21,4,11,JUNK-I5,11,JUNK-I5,0.2857753227332377,0
21,5,12,JUNK-I6,8,CLAMP,-0.7588122196111942,0
21,6,12,JUNK-I6,20,MOVE_W,0.6136661885433515,0
21,7,5,JUNK-S5,20,MOVE_W,-0.19507431257057406,0
21,8,0,CONST,14,ACTION_Y,0.9392376476332895,1
21,9,10,THRESH,9,DELAY,1.4845423749504074,1
21,10,6,ADD,6,ADD,-3.63365581225013,1
21,11,0,CONST,20,MOVE_W,2.0709860530411697,1
21,12,11,JUNK-I5,16,REPRODUCE,-2.1266518143253883,0
21,13,5,JUNK-S5,14,ACTION_Y,-2.4970244453260904,0
21,14,9,DELAY,14,ACTION_Y,-2.8769188512833033,1
21,15,0,CONST,9,DELAY,-3.847773674733726,1
21,16,11,JUNK-I5,20,MOVE_W,-1.097567674794763,0
21,17,2,LOCAL_RESOURCE,11,JUNK-I5,-0.18762779625843073,0
21,18,0,CONST,20,MOVE_W,3.5084078493606374,1
21,19,11,JUNK-I5,14,ACTION_Y,2.934415723136082,0
21,20,9,DELAY,8,CLAMP,2.9971617786187323,1
21,21,4,JUNK-S4,10,THRESH,-3.475814081240272,0
21,22,5,JUNK-S5,17,MOVE_N,-0.6057313760795923,0
21,23,5,JUNK-S5,6,ADD,2.966887417218543,0
21,24,9,DELAY,10,THRESH,3.303933835871456,1
21,25,8,CLAMP,19,MOVE_E,1.435590685750908,1
21,26,2,LOCAL_RESOURCE,14,ACTION_Y,-0.08020264290292062,1
21,27,10,THRESH,8,CLAMP,-2.782189397869808,1
21,28,13,JUNK-I7,20,MOVE_W,3.782952360606708,0
21,29,1,RAND,21,JUNK-A7,1.9420758690145574,0
21,30,5,JUNK-S5,8,CLAMP,-3.282815027314066,0
21,31,12,JUNK-I6,20,MOVE_W,0.5565355388042847,0
22,0,3,SELF_ENERGY,12,JUNK-I6,2.4617450483718377,0
22,1,10,THRESH,17,MOVE_N,2.803918576616718,1
22,2,0,CONST,16,REPRODUCE,-2.6027405621509447,1
22,3,7,MUL,17,MOVE_N,1.2120731223487045,1
22,4,2,LOCAL_RESOURCE,16,REPRODUCE,-0.8594012268440809,1
22,5,11,JUNK-I5,6,ADD,1.3111972411267434,0
22,6,2,LOCAL_RESOURCE,6,ADD,-2.5866267891476182,1
22,7,6,ADD,12,JUNK-I6,-0.8093508713034455,0
22,8,1,RAND,7,MUL,-0.6007263405255288,1
22,9,1,RAND,12,JUNK-I6,3.6047242652668845,0
22,10,10,THRESH,8,CLAMP,-1.317300943021943,1
22,11,2,LOCAL_RESOURCE,21,JUNK-A7,2.305246131778924,0
22,12,1,RAND,11,JUNK-I5,-1.4413281655323953,0
22,13,2,LOCAL_RESOURCE,9,DELAY,0.24097415082247384,1
22,14,13,JUNK-I7,18,MOVE_S,3.563463240455336,0
22,15,11,JUNK-I5,14,ACTION_Y,-2.9093905453657642,0
22,16,13,JUNK-I7,12,JUNK-I6,-3.730094302194281,0
22,17,12,JUNK-I6,11,JUNK-I5,0.6424756614886928,0
22,18,11,JUNK-I5,20,MOVE_W,-1.128940702536088,0
22,19,4,JUNK-S4,7,MUL,0.3737907040620136,0
22,20,6,ADD,21,JUNK-A7,-0.32593768120365,0
22,21,8,CLAMP,13,JUNK-I7,1.7584765160069582,0
22,22,2,LOCAL_RESOURCE,15,HARVEST,-0.29224524674214913,1
22,23,10,THRESH,17,MOVE_N,1.7355265968810083,1
22,24,1,RAND,6,ADD,-3.884517960142827,1
22,25,0,CONST,18,MOVE_S,1.4640339365825372,1
22,26,10,THRESH,10,THRESH,0.47999511703848385,1
22,27,7,MUL,7,MUL,-2.2765587328714867,1
22,28,8,CLAMP,9,DELAY,-0.6236762596514787,1
22,29,4,JUNK-S4,9,DELAY,0.45606860560930207,0
22,30,4,JUNK-S4,7,MUL,-0.8791772209845271,0
22,31,10,THRESH,17,MOVE_N,-3.892208624530778,1
23,0,3,SELF_ENERGY,11,JUNK-I5,-0.1185338908047731,0
23,1,10,THRESH,20,MOVE_W,-1.5356913968321788,1
23,2,11,JUNK-I5,13,JUNK-I7,-1.3645435956907865,0
23,3,10,THRESH,6,ADD,-0.21033356730857264,1
23,4,5,JUNK-S5,21,JUNK-A7,2.5618457594531083,0
23,5,11,JUNK-I5,8,CLAMP,-3.3854792931913207,0
23,6,10,THRESH,18,MOVE_S,-1.3180333872493668,1
23,7,7,MUL,15,HARVEST,-1.012604144413587,1
23,8,12,JUNK-I6,6,ADD,3.629505294961394,0
23,9,6,ADD,18,MOVE_S,-0.14307077242347482,1
23,10,8,CLAMP,13,JUNK-I7,2.9816583758049258,0
23,11,3,SELF_ENERGY,16,REPRODUCE,-1.347575304422132,1
23,12,2,LOCAL_RESOURCE,14,ACTION_Y,0.1206091494491409,1
23,13,3,SELF_ENERGY,18,MOVE_S,-3.1272927030243842,1
23,14,6,ADD,20,MOVE_W,-2.8758201849421674,1
23,15,13,JUNK-I7,7,MUL,-2.724326303903317,0
23,16,1,RAND,19,MOVE_E,0.047120578630939665,1
23,17,12,JUNK-I6,11,JUNK-I5,1.9205908383434553,0
23,18,11,JUNK-I5,16,REPRODUCE,0.9684133426923429,0
23,19,12,JUNK-I6,10,THRESH,-3.847529526657918,0
23,20,1,RAND,12,JUNK-I6,2.443556016724143,0
23,21,0,CONST,15,HARVEST,0.020020142216254158,1
23,22,4,JUNK-S4,14,ACTION_Y,-3.7662282174138615,0
23,23,8,CLAMP,15,HARVEST,0.01293984801782281,1
23,24,11,JUNK-I5,21,JUNK-A7,1.3251136814477982,0
23,25,12,JUNK-I6,20,MOVE_W,-0.1597949156163213,0
23,26,8,CLAMP,18,MOVE_S,-3.542588579973754,1
23,27,11,JUNK-I5,10,THRESH,-3.633777886288034,0
23,28,1,RAND,15,HARVEST,-0.27564317758720663,1
23,29,5,JUNK-S5,7,MUL,2.9495529038361767,0
23,30,7,MUL,11,JUNK-I5,-2.8426160466322825,0
23,31,2,LOCAL_RESOURCE,12,JUNK-I6,3.217627491073336,0
24,0,9,DELAY,11,JUNK-I5,0.10205389568773461,0
24,1,10,THRESH,16,REPRODUCE,1.7546922208319347,1
24,2,0,CONST,11,JUNK-I5,-2.2009949034089176,0
24,3,7,MUL,13,JUNK-I7,0.7292703024384289,0
24,4,6,ADD,8,CLAMP,0.402233954893643,1
24,5,1,RAND,21,JUNK-A7,2.9602954191717274,0
24,6,6,ADD,19,MOVE_E,2.2598345896786403,1
24,7,4,JUNK-S4,6,ADD,1.4530472731711783,0
24,8,5,JUNK-S5,17,MOVE_N,0.8375499740592669,0
24,9,8,CLAMP,9,DELAY,-3.199194311349834,1
24,10,10,THRESH,6,ADD,1.7793511764885404,1
24,11,8,CLAMP,12,JUNK-I6,-3.1366924039429915,0
24,12,0,CONST,19,MOVE_E,3.3829157383953365,1
24,13,13,JUNK-I7,17,MOVE_N,-3.704824976348155,0
24,14,12,JUNK-I6,12,JUNK-I6,2.229560228278451,0
24,15,9,DELAY,20,MOVE_W,2.280465102084414,1
24,16,4,JUNK-S4,8,CLAMP,-3.871944334238716,0
24,17,11,JUNK-I5,13,JUNK-I7,-0.4658345286416211,0
24,18,4,JUNK-S4,19,MOVE_E,2.130436109500412,0
24,19,0,CONST,12,JUNK-I6,1.2735984374523148,0
24,20,5,JUNK-S5,11,JUNK-I5,-0.7783440656758324,0
24,21,9,DELAY,6,ADD,-1.869685964537492,1
24,22,5,JUNK-S5,20,MOVE_W,-2.119449446089053,0
24,23,1,RAND,6,ADD,-3.7653736991485336,1
24,24,3,SELF_ENERGY,13,JUNK-I7,-2.101870784630879,0
24,25,6,ADD,21,JUNK-A7,-1.5172582171086764,0
24,26,10,THRESH,12,JUNK-I6,2.5169225135044404,0
24,27,1,RAND,14,ACTION_Y,-0.08069093905453657,1
24,28,5,JUNK-S5,19,MOVE_E,-1.968077639088107,0
24,29,4,JUNK-S4,15,HARVEST,1.5693838312936796,0
24,30,0,CONST,17,MOVE_N,0.025147251808221686,1
24,31,13,JUNK-I7,21,JUNK-A7,1.5833002716147344,0
25,0,4,JUNK-S4,10,THRESH,-3.141697439497055,0
25,1,12,JUNK-I6,18,MOVE_S,-3.6674703207495347,0
25,2,3,SELF_ENERGY,19,MOVE_E,-0.05505539109469894,1
25,3,5,JUNK-S5,16,REPRODUCE,-3.2641376995147557,0
25,4,3,SELF_ENERGY,10,THRESH,1.32609027375103,1
25,5,2,LOCAL_RESOURCE,9,DELAY,0.5459150975066378,1
25,6,4,JUNK-S4,19,MOVE_E,1.9426862392040773,0
25,7,0,CONST,16,REPRODUCE,-2.7550889614551224,1
25,8,7,MUL,13,JUNK-I7,-0.6134220404675436,0
25,9,13,JUNK-I7,16,REPRODUCE,-1.097689748832667,0
25,10,1,RAND,19,MOVE_E,-2.5675832392345956,1
25,11,4,JUNK-S4,19,MOVE_E,-2.596514786217841,0
25,12,0,CONST,21,JUNK-A7,1.6172368541520432,0
25,13,10,THRESH,12,JUNK-I6,3.7910092471083714,0
25,14,11,JUNK-I5,10,THRESH,3.5943479720450453,0
25,15,4,JUNK-S4,16,REPRODUCE,1.4268013550218208,0
25,16,12,JUNK-I6,6,ADD,-3.1889400921658986,0
25,17,11,JUNK-I5,21,JUNK-A7,-0.5052644428846095,0
25,18,6,ADD,12,JUNK-I6,1.152134769737846,0
25,19,3,SELF_ENERGY,19,MOVE_E,-0.5603198339793084,1
25,20,2,LOCAL_RESOURCE,15,HARVEST,-2.857631153294473,1
25,21,4,JUNK-S4,19,MOVE_E,2.8630024109622485,0
25,22,5,JUNK-S5,20,MOVE_W,-2.58577227088229,0
25,23,10,THRESH,15,HARVEST,2.80794701986755,1
25,24,2,LOCAL_RESOURCE,13,JUNK-I7,-2.5406048768578144,0
25,25,12,JUNK-I6,12,JUNK-I6,-0.5367595446638386,0
25,26,5,JUNK-S5,16,REPRODUCE,-0.9637745292519914,0
25,27,4,JUNK-S4,10,THRESH,0.06189153721732231,0
25,28,0,CONST,21,JUNK-A7,1.9718619342631305,0
25,29,12,JUNK-I6,10,THRESH,-1.237464522232734,0
25,30,13,JUNK-I7,18,MOVE_S,2.914639728995636,0
25,31,10,THRESH,21,JUNK-A7,2.324900051881466,0
26,0,10,THRESH,11,JUNK-I5,2.6708578753013703,0
26,1,7,MUL,18,MOVE_S,-1.988952299569689,1
26,2,9,DELAY,11,JUNK-I5,-3.5720084231086155,0
26,3,2,LOCAL_RESOURCE,21,JUNK-A7,0.7873775444807276,0
26,4,12,JUNK-I6,8,CLAMP,1.6445814386425366,0
26,5,5,JUNK-S5,7,MUL,1.3528244880520035,0
26,6,2,LOCAL_RESOURCE,8,CLAMP,0.6606646931363872,1
26,7,5,JUNK-S5,21,JUNK-A7,2.063539536729026,0
26,8,4,JUNK-S4,7,MUL,-2.0175176244392223,0
26,9,11,JUNK-I5,17,MOVE_N,-1.0191961424604021,0
26,10,10,THRESH,9,DELAY,-3.9282204657124544,1
26,11,4,JUNK-S4,8,CLAMP,-0.9371623889889218,0
26,12,13,JUNK-I7,7,MUL,0.7375713370159002,0
26,13,4,JUNK-S4,11,JUNK-I5,-2.205023346659749,0
26,14,10,THRESH,10,THRESH,-2.565507980590228,1
26,15,2,LOCAL_RESOURCE,13,JUNK-I7,-2.107852412488174,0
26,16,9,DELAY,19,MOVE_E,-0.11450544755394146,1
26,17,1,RAND,14,ACTION_Y,-2.273873104037599,1
26,18,11,JUNK-I5,12,JUNK-I6,-1.7310098574785608,0
26,19,2,LOCAL_RESOURCE,20,MOVE_W,3.619373149815363,1
26,20,2,LOCAL_RESOURCE,12,JUNK-I6,-1.261757255775628,0
26,21,7,MUL,17,MOVE_N,0.3408307138279366,1
26,22,9,DELAY,15,HARVEST,2.552201910458693,1
26,23,13,JUNK-I7,8,CLAMP,-2.49885555589465,0
26,24,13,JUNK-I7,6,ADD,-0.38441114535966064,0
26,25,7,MUL,13,JUNK-I7,-2.0348521378215887,0
26,26,4,JUNK-S4,18,MOVE_S,0.6495559556871242,0
26,27,11,JUNK-I5,19,MOVE_E,3.166966765343181,0
26,28,13,JUNK-I7,13,JUNK-I7,-1.793755912961211,0
26,29,5,JUNK-S5,8,CLAMP,-3.263527329325236,0
26,30,13,JUNK-I7,17,MOVE_N,1.317178868984039,0
26,31,3,SELF_ENERGY,17,MOVE_N,3.9064912869655446,1
27,0,0,CONST,6,ADD,-3.8215277565843686,1
27,1,8,CLAMP,18,MOVE_S,3.043794061098056,1
27,2,13,JUNK-I7,16,REPRODUCE,-0.35035248878444775,0
27,3,8,CLAMP,20,MOVE_W,-1.1256447035126804,1
27,4,9,DELAY,9,DELAY,1.4807580797753839,1
27,5,2,LOCAL_RESOURCE,10,THRESH,0.6295358134708701,1
27,6,0,CONST,12,JUNK-I6,0.5129551072725608,0
27,7,2,LOCAL_RESOURCE,18,MOVE_S,2.1240882595294046,1
27,8,10,THRESH,15,HARVEST,2.5605029450361645,1
27,9,1,RAND,17,MOVE_N,-1.7566454054383984,1
27,10,11,JUNK-I5,6,ADD,-2.4709006012146366,0
27,11,1,RAND,19,MOVE_E,0.804834131900998,1
27,12,7,MUL,18,MOVE_S,-1.685964537491989,1
27,13,7,MUL,21,JUNK-A7,-0.3708609271523179,0
27,14,9,DELAY,21,JUNK-A7,-1.7150181585131383,0
27,15,2,LOCAL_RESOURCE,9,DELAY,2.9211096530045473,1
27,16,6,ADD,8,CLAMP,2.0275276955473496,1
27,17,3,SELF_ENERGY,6,ADD,-3.802728354747154,1
27,18,10,THRESH,7,MUL,-0.7679677724539934,1
27,19,1,RAND,21,JUNK-A7,3.7722098452711568,0
27,20,7,MUL,8,CLAMP,1.0620441297647023,1
27,21,12,JUNK-I6,8,CLAMP,0.804345835749382,0
27,22,1,RAND,21,JUNK-A7,-2.1701101718192084,0
27,23,12,JUNK-I6,9,DELAY,3.825312051759392,0
27,24,7,MUL,19,MOVE_E,2.706137272255623,1
27,25,1,RAND,7,MUL,-3.256569109164708,1
27,26,4,JUNK-S4,18,MOVE_S,2.4981231116672262,0
27,27,13,JUNK-I7,12,JUNK-I6,3.773918881801813,0
27,28,5,JUNK-S5,10,THRESH,-0.13916440321054718,0
27,29,5,JUNK-S5,17,MOVE_N,2.1262855922116763,0
27,30,1,RAND,12,JUNK-I6,-2.7542344431897945,0
27,31,5,JUNK-S5,11,JUNK-I5,1.6902371288186284,0
28,0,6,ADD,14,ACTION_Y,2.4523453474532304,1
28,1,4,JUNK-S4,18,MOVE_S,-2.239448225348674,0
28,2,2,LOCAL_RESOURCE,21,JUNK-A7,-1.8756675923947874,0
28,3,6,ADD,10,THRESH,0.6899624622333446,1
28,4,0,CONST,9,DELAY,0.5362712485122226,1
28,5,3,SELF_ENERGY,16,REPRODUCE,2.445142979216895,1
28,6,11,JUNK-I5,8,CLAMP,-3.9655751213110753,0
28,7,6,ADD,12,JUNK-I6,2.7895138401440476,0
28,8,12,JUNK-I6,18,MOVE_S,-1.489669484542375,0
28,9,1,RAND,11,JUNK-I5,0.09765923032319102,0
28,10,12,JUNK-I6,16,REPRODUCE,1.1903439436017944,0
28,11,2,LOCAL_RESOURCE,8,CLAMP,1.7904599139378032,1
28,12,12,JUNK-I6,18,MOVE_S,-2.032532731101413,0
28,13,3,SELF_ENERGY,10,THRESH,-2.6009094515823845,1
28,14,7,MUL,16,REPRODUCE,-1.8397778252510146,1
28,15,9,DELAY,18,MOVE_S,1.1035493026520584,1
28,16,9,DELAY,18,MOVE_S,-1.5352031006805626,1
28,17,13,JUNK-I7,16,REPRODUCE,0.6136661885433515,0
28,18,7,MUL,13,JUNK-I7,-3.293679616687521,0
28,19,10,THRESH,14,ACTION_Y,3.3541062654499956,1
28,20,13,JUNK-I7,20,MOVE_W,3.857295449690237,0
28,21,0,CONST,17,MOVE_N,-0.9037141026032288,1
28,22,9,DELAY,21,JUNK-A7,0.7750480666524246,0
28,23,12,JUNK-I6,14,ACTION_Y,0.5569017609179968,0
28,24,3,SELF_ENERGY,13,JUNK-I7,1.304849391155736,0
28,25,10,THRESH,9,DELAY,2.075869014557329,1
28,26,9,DELAY,11,JUNK-I5,0.32874538407544174,0
28,27,4,JUNK-S4,20,MOVE_W,0.3978392895290994,0
28,28,9,DELAY,12,JUNK-I6,-1.4048280281991028,0
28,29,6,ADD,10,THRESH,-2.30573442793054,1
28,30,10,THRESH,11,JUNK-I5,2.4826197088534196,0
28,31,6,ADD,15,HARVEST,-0.8818628498184149,1
29,0,8,CLAMP,19,MOVE_E,0.16248054445020904,1
29,1,0,CONST,17,MOVE_N,-3.5226905117954037,1
29,2,4,JUNK-S4,15,HARVEST,3.263161107211524,0
29,3,9,DELAY,13,JUNK-I7,0.4964751121555223,0
29,4,13,JUNK-I7,10,THRESH,-1.7632374034852139,0
29,5,10,THRESH,17,MOVE_N,0.9370403149510178,1
29,6,7,MUL,7,MUL,-0.8335215308084353,1
29,7,2,LOCAL_RESOURCE,19,MOVE_E,2.6359447004608296,1
29,8,10,THRESH,16,REPRODUCE,-1.8539384136478774,1
29,9,7,MUL,16,REPRODUCE,-1.9401226844080934,1
29,10,3,SELF_ENERGY,15,HARVEST,-1.9653920102542193,1
29,11,7,MUL,16,REPRODUCE,2.998992889187292,1
29,12,2,LOCAL_RESOURCE,9,DELAY,3.660634174626911,1
29,13,1,RAND,13,JUNK-I7,3.6802880947294536,0
29,14,1,RAND,11,JUNK-I5,1.935605945005646,0
29,15,1,RAND,9,DELAY,0.7701651051362651,1
29,16,4,JUNK-S4,17,MOVE_N,-0.706198309274575,0
29,17,0,CONST,7,MUL,-0.6314889980773339,1
29,18,4,JUNK-S4,10,THRESH,-0.5201574755088961,0
29,19,8,CLAMP,20,MOVE_W,-2.205877864925077,1
29,20,7,MUL,12,JUNK-I6,-0.5534836878566851,0
29,21,9,DELAY,15,HARVEST,-3.91552476577044,1
29,22,4,JUNK-S4,11,JUNK-I5,3.492294076357311,0
29,23,5,JUNK-S5,21,JUNK-A7,-0.945585497604297,0
29,24,2,LOCAL_RESOURCE,6,ADD,-0.7339091158787805,1
29,25,3,SELF_ENERGY,19,MOVE_E,1.82647175511948,1
29,26,10,THRESH,6,ADD,-1.1152684102908414,1
29,27,9,DELAY,21,JUNK-A7,0.39918210394604325,0
29,28,7,MUL,19,MOVE_E,-2.675252540665914,1
29,29,10,THRESH,9,DELAY,2.5618457594531083,1
29,30,3,SELF_ENERGY,8,CLAMP,1.0406811731315042,1
29,31,4,JUNK-S4,10,THRESH,3.2520523697622608,0
30,0,6,ADD,19,MOVE_E,3.4949797051911986,1
30,1,9,DELAY,20,MOVE_W,-3.8410596026490067,1
30,2,11,JUNK-I5,13,JUNK-I7,-2.0022583697012237,0
30,3,5,JUNK-S5,11,JUNK-I5,-2.8092898342844936,0
30,4,6,ADD,11,JUNK-I5,-2.610431226538896,0
30,5,2,LOCAL_RESOURCE,14,ACTION_Y,-1.0475173192541276,1
30,6,4,JUNK-S4,17,MOVE_N,-1.5179906613361003,0
30,7,12,JUNK-I6,13,JUNK-I7,2.2228461561937314,0
30,8,13,JUNK-I7,21,JUNK-A7,-0.6034119693594164,0
30,9,9,DELAY,11,JUNK-I5,1.9544053468428602,0
30,10,4,JUNK-S4,20,MOVE_W,-2.281441694387646,0
30,11,4,JUNK-S4,9,DELAY,0.6152531510361035,0
30,12,0,CONST,11,JUNK-I5,-0.9208044679097873,0
30,13,11,JUNK-I5,9,DELAY,2.8550675984984895,0
30,14,0,CONST,6,ADD,-2.3493148594622637,1
30,15,13,JUNK-I7,13,JUNK-I7,2.76143681142613,0
30,16,1,RAND,8,CLAMP,-1.8738364818262276,1
30,17,8,CLAMP,13,JUNK-I7,2.261299478133488,0
30,18,1,RAND,14,ACTION_Y,1.9915158543656728,1
30,19,10,THRESH,17,MOVE_N,-2.8005005035554063,1
30,20,13,JUNK-I7,19,MOVE_E,-3.3956114383373515,0
30,21,12,JUNK-I6,18,MOVE_S,0.38575395977660454,0
30,22,10,THRESH,18,MOVE_S,2.1376384777367474,1
30,23,11,JUNK-I5,17,MOVE_N,-2.9704275643177587,0
30,24,1,RAND,20,MOVE_W,-1.3603930784020508,1
30,25,1,RAND,13,JUNK-I7,0.7856685079500717,0
30,26,3,SELF_ENERGY,11,JUNK-I5,-3.0717490157780696,0
30,27,9,DELAY,12,JUNK-I6,3.58958708456679,0
30,28,8,CLAMP,8,CLAMP,-2.5924863429670095,1
30,29,5,JUNK-S5,15,HARVEST,-3.0357371745963926,0
30,30,13,JUNK-I7,10,THRESH,-0.9090853602710044,0
30,31,7,MUL,15,HARVEST,1.4470656453138828,1
31,0,3,SELF_ENERGY,16,REPRODUCE,0.33094271675771353,1
31,1,11,JUNK-I5,15,HARVEST,-0.4231086153752251,0
31,2,9,DELAY,19,MOVE_E,-3.4739829706717122,1
31,3,3,SELF_ENERGY,6,ADD,-3.944700460829493,1
31,4,13,JUNK-I7,10,THRESH,-1.3407391582995087,0
31,5,6,ADD,10,THRESH,0.08252204962309641,1
31,6,7,MUL,9,DELAY,-2.944914090395825,1
31,7,12,JUNK-I6,10,THRESH,-3.762443922238838,0
31,8,11,JUNK-I5,8,CLAMP,3.826044495986816,0
31,9,2,LOCAL_RESOURCE,7,MUL,1.7788628803369244,1
31,10,6,ADD,14,ACTION_Y,1.1788689840388196,1
31,11,1,RAND,21,JUNK-A7,-2.975188451796014,0
31,12,8,CLAMP,20,MOVE_W,-3.8326364940336313,1
31,13,3,SELF_ENERGY,7,MUL,2.738975188451796,1
31,14,8,CLAMP,21,JUNK-A7,0.6676229132969146,0
31,15,2,LOCAL_RESOURCE,21,JUNK-A7,-0.10095522934659872,0
31,16,9,DELAY,7,MUL,0.6140324106570635,1
31,17,11,JUNK-I5,10,THRESH,0.9725638599810785,0
31,18,9,DELAY,10,THRESH,2.2873012482070374,1
31,19,12,JUNK-I6,9,DELAY,-0.9270302438428907,0
31,20,10,THRESH,12,JUNK-I6,1.1872920926541948,0
31,21,10,THRESH,13,JUNK-I7,1.9984740745262002,0
31,22,12,JUNK-I6,10,THRESH,2.4386730552079836,0
31,23,2,LOCAL_RESOURCE,19,MOVE_E,2.4134037293618578,1
31,24,12,JUNK-I6,15,HARVEST,-1.8292794579912717,0
31,25,3,SELF_ENERGY,11,JUNK-I5,1.955137791070284,0
31,26,0,CONST,19,MOVE_E,2.0492568742942594,1
31,27,1,RAND,6,ADD,3.1470686971648303,1
31,28,4,JUNK-S4,8,CLAMP,-0.445692312387463,0
31,29,4,JUNK-S4,18,MOVE_S,3.8768272957548753,0
31,30,1,RAND,13,JUNK-I7,3.3527634510330517,0
31,31,10,THRESH,6,ADD,3.066377758110294,1
32,0,6,ADD,18,MOVE_S,-0.5799737540818506,1
32,1,11,JUNK-I5,20,MOVE_W,-2.8750877407147435,0
32,2,2,LOCAL_RESOURCE,7,MUL,-2.866786706137272,1
32,3,13,JUNK-I7,19,MOVE_E,0.9260536515396588,0
32,4,1,RAND,21,JUNK-A7,0.18066957609790338,0
32,5,6,ADD,17,MOVE_N,-2.880092776268807,1
32,6,0,CONST,18,MOVE_S,-3.1895504623554185,1
32,7,0,CONST,16,REPRODUCE,1.2959379863887448,1
32,8,12,JUNK-I6,21,JUNK-A7,-3.416241950743126,0
32,9,10,THRESH,17,MOVE_N,2.2616657002472,1
32,10,6,ADD,16,REPRODUCE,2.0161748100222785,1
32,11,6,ADD,15,HARVEST,2.39143040253914,1
32,12,10,THRESH,18,MOVE_S,-2.2351756340220343,1
32,13,0,CONST,7,MUL,-1.4509720145268106,1
32,14,2,LOCAL_RESOURCE,7,MUL,-1.5464339121677297,1
32,15,0,CONST,18,MOVE_S,0.7591784417249061,1
32,16,3,SELF_ENERGY,19,MOVE_E,-0.20923490096743674,1
32,17,4,JUNK-S4,10,THRESH,1.890560625019074,0
32,18,4,JUNK-S4,14,ACTION_Y,1.8888515884884183,0
32,19,13,JUNK-I7,21,JUNK-A7,0.2513504440443129,0
32,20,4,JUNK-S4,18,MOVE_S,2.9827570421460616,0
32,21,8,CLAMP,10,THRESH,-2.3001190221869563,1
32,22,13,JUNK-I7,11,JUNK-I5,0.520767845698416,0
32,23,7,MUL,10,THRESH,3.9011200292977692,1
32,24,1,RAND,10,THRESH,-1.0165105136265145,1
32,25,3,SELF_ENERGY,10,THRESH,-0.8662373729667043,1
32,26,10,THRESH,10,THRESH,-3.557725760673849,1
32,27,3,SELF_ENERGY,21,JUNK-A7,-2.337229529709769,0
32,28,0,CONST,21,JUNK-A7,-0.14014099551377912,0
32,29,0,CONST,21,JUNK-A7,3.7134922330393385,0
32,30,5,JUNK-S5,6,ADD,-2.699056978057192,0
32,31,10,THRESH,14,ACTION_Y,1.3083895382549515,1
33,0,9,DELAY,17,MOVE_N,-0.24256111331522567,1
33,1,3,SELF_ENERGY,16,REPRODUCE,-2.7774285103915526,1
33,2,0,CONST,17,MOVE_N,3.3361613818781093,1
33,3,10,THRESH,20,MOVE_W,-2.696981719412824,1
33,4,5,JUNK-S5,7,MUL,-2.814050721762749,0
33,5,6,ADD,11,JUNK-I5,1.2903225806451613,0
33,6,4,JUNK-S4,7,MUL,-3.7596362193670463,0
33,7,0,CONST,8,CLAMP,1.456099124118778,1
33,8,3,SELF_ENERGY,7,MUL,-2.6372875148777735,1
33,9,3,SELF_ENERGY,15,HARVEST,1.9086275826288643,1
33,10,4,JUNK-S4,21,JUNK-A7,1.5459456160161138,0
33,11,9,DELAY,16,REPRODUCE,-0.6288033692434462,1
33,12,11,JUNK-I5,8,CLAMP,-2.0359508041627246,0
33,13,4,JUNK-S4,8,CLAMP,-0.4859767448957793,0
33,14,0,CONST,18,MOVE_S,-3.0162053285317545,1
33,15,13,JUNK-I7,18,MOVE_S,2.2854701376384776,0
33,16,3,SELF_ENERGY,6,ADD,-3.390850550859096,1
33,17,1,RAND,11,JUNK-I5,1.641041291543321,0
33,18,4,JUNK-S4,15,HARVEST,-1.098910489211707,0
33,19,1,RAND,17,MOVE_N,-2.748741111484115,1
33,20,4,JUNK-S4,20,MOVE_W,-3.084566789757988,0
33,21,2,LOCAL_RESOURCE,9,DELAY,-0.4301889095736564,1
33,22,4,JUNK-S4,6,ADD,1.8894619586779382,0
33,23,0,CONST,8,CLAMP,3.942258980071413,1
33,24,4,JUNK-S4,19,MOVE_E,-0.8814966277047029,0
33,25,13,JUNK-I7,10,THRESH,2.162907803582873,0
33,26,3,SELF_ENERGY,6,ADD,1.6724143192846461,1
33,27,1,RAND,8,CLAMP,1.8877529221472824,1
33,28,3,SELF_ENERGY,18,MOVE_S,-1.8109683523056734,1
33,29,1,RAND,11,JUNK-I5,-1.3744315927610096,0
33,30,1,RAND,20,MOVE_W,-0.9700003051850947,1
33,31,9,DELAY,7,MUL,2.492629779961547,1
34,0,4,JUNK-S4,13,JUNK-I7,1.8298898281807916,0
34,1,10,THRESH,10,THRESH,3.3687551499984743,1
34,2,0,CONST,8,CLAMP,2.007629627368999,1
34,3,0,CONST,21,JUNK-A7,-0.6123233741264077,0
34,4,6,ADD,15,HARVEST,-2.0728171636097295,1
34,5,11,JUNK-I5,9,DELAY,3.4953459273049106,0
34,6,4,JUNK-S4,15,HARVEST,0.5193029572435682,0
34,7,10,THRESH,21,JUNK-A7,2.768639179662465,0
34,8,10,THRESH,14,ACTION_Y,1.804620502334666,1
34,9,0,CONST,11,JUNK-I5,-2.3430890835291605,0
34,10,0,CONST,12,JUNK-I6,-2.283516953032014,0
34,11,6,ADD,12,JUNK-I6,3.8005310220648822,0
34,12,3,SELF_ENERGY,13,JUNK-I7,-1.4838099307229835,0
34,13,1,RAND,17,MOVE_N,-3.1801507614368116,1
34,14,8,CLAMP,7,MUL,-2.7121189001129187,1
34,15,5,JUNK-S5,8,CLAMP,3.717398602252266,0
34,16,4,JUNK-S4,11,JUNK-I5,-2.162541581469161,0
34,17,4,JUNK-S4,21,JUNK-A7,-2.4411145359660633,0
34,18,3,SELF_ENERGY,10,THRESH,3.0048524430066834,1
34,19,12,JUNK-I6,10,THRESH,-0.3422956022827845,0
34,20,2,LOCAL_RESOURCE,20,MOVE_W,2.0055543687246313,1
34,21,8,CLAMP,18,MOVE_S,-2.4848170415356914,1
34,22,2,LOCAL_RESOURCE,15,HARVEST,-0.9734183782464064,1
34,23,13,JUNK-I7,19,MOVE_E,2.488601336710715,0
34,24,5,JUNK-S5,17,MOVE_N,3.575060274056215,0
34,25,2,LOCAL_RESOURCE,21,JUNK-A7,-3.8637653736991484,0
34,26,2,LOCAL_RESOURCE,14,ACTION_Y,3.4321115756706444,1
34,27,6,ADD,13,JUNK-I7,3.269997253334147,0
34,28,0,CONST,20,MOVE_W,3.8365428632465592,1
34,29,2,LOCAL_RESOURCE,7,MUL,-3.7130039368877226,1
34,30,1,RAND,6,ADD,-0.30408642841883604,1
34,31,5,JUNK-S5,16,REPRODUCE,-0.19531846064638203,0
35,0,13,JUNK-I7,6,ADD,-2.1917172765282142,0
35,1,13,JUNK-I7,10,THRESH,-0.09497360148930326,0
35,2,2,LOCAL_RESOURCE,19,MOVE_E,2.698934904019288,1
35,3,13,JUNK-I7,18,MOVE_S,0.41871395001068146,0
35,4,5,JUNK-S5,12,JUNK-I6,1.151158177434614,0
35,5,12,JUNK-I6,18,MOVE_S,-1.0072328867458114,0
35,6,13,JUNK-I7,14,ACTION_Y,-0.8331553086947233,0
35,7,1,RAND,9,DELAY,1.8839686269722586,1
35,8,1,RAND,11,JUNK-I5,2.555009613330485,0
35,9,11,JUNK-I5,11,JUNK-I5,1.2551652577288126,0
35,10,13,JUNK-I7,9,DELAY,-2.5180211798455763,0
35,11,10,THRESH,17,MOVE_N,-3.552354503006073,1
35,12,4,JUNK-S4,18,MOVE_S,-2.0726950895718255,0
35,13,7,MUL,10,THRESH,-1.0711996826075014,1
35,14,6,ADD,7,MUL,2.8627582628864405,1
35,15,2,LOCAL_RESOURCE,9,DELAY,1.7889950254829554,1
35,16,2,LOCAL_RESOURCE,6,ADD,0.8316904202398755,1
35,17,0,CONST,12,JUNK-I6,2.12762840662862,0
35,18,2,LOCAL_RESOURCE,18,MOVE_S,-1.4587847529526659,1
35,19,11,JUNK-I5,6,ADD,0.6624958037049471,0
35,20,3,SELF_ENERGY,18,MOVE_S,-2.9068269905697806,1
35,21,3,SELF_ENERGY,21,JUNK-A7,-3.7158116397595142,0
35,22,1,RAND,8,CLAMP,-1.1887569811090426,1
35,23,12,JUNK-I6,14,ACTION_Y,1.262245551927244,0
35,24,2,LOCAL_RESOURCE,12,JUNK-I6,-1.5052949613940856,0
35,25,13,JUNK-I7,8,CLAMP,0.39930417798394724,0
35,26,4,JUNK-S4,6,ADD,3.475692007202368,0
35,27,11,JUNK-I5,12,JUNK-I6,-1.0628986480300302,0
35,28,4,JUNK-S4,7,MUL,2.4726096377452924,0
35,29,8,CLAMP,12,JUNK-I6,2.162663655507065,0
35,30,13,JUNK-I7,6,ADD,1.5063936277352215,0
35,31,2,LOCAL_RESOURCE,7,MUL,-1.0698568681905576,1
36,0,0,CONST,14,ACTION_Y,-0.16272469252601704,1
36,1,7,MUL,14,ACTION_Y,0.8928495132297739,1
36,2,3,SELF_ENERGY,18,MOVE_S,1.346354564043092,1
36,3,12,JUNK-I6,15,HARVEST,0.576921903134251,0
36,4,12,JUNK-I6,9,DELAY,2.4966582232123784,0
36,5,9,DELAY,18,MOVE_S,1.5250709555345316,1
36,6,5,JUNK-S5,12,JUNK-I6,-3.217871639149144,0
36,7,6,ADD,12,JUNK-I6,-0.31336405529953915,0
36,8,2,LOCAL_RESOURCE,16,REPRODUCE,0.4326303903317362,1
36,9,0,CONST,7,MUL,2.5031281472212896,1
36,10,9,DELAY,21,JUNK-A7,-2.857631153294473,0
36,11,8,CLAMP,20,MOVE_W,-2.15363017670217,1
36,12,12,JUNK-I6,16,REPRODUCE,1.228553117465743,0
36,13,6,ADD,10,THRESH,0.4715720084231086,1
36,14,12,JUNK-I6,6,ADD,-2.2964568010498367,0
36,15,13,JUNK-I7,14,ACTION_Y,0.10742515335551012,0
36,16,3,SELF_ENERGY,8,CLAMP,-0.49122592852565083,1
36,17,8,CLAMP,18,MOVE_S,2.2970671712393567,1
36,18,2,LOCAL_RESOURCE,17,MOVE_N,2.1377605517746514,1
36,19,4,JUNK-S4,14,ACTION_Y,-3.1136204107791374,0
36,20,4,JUNK-S4,18,MOVE_S,-0.14209418012024294,0
36,21,9,DELAY,10,THRESH,0.13830988494521929,1
36,22,0,CONST,21,JUNK-A7,-3.784051026947844,0
36,23,4,JUNK-S4,20,MOVE_W,-2.616534928434095,0
36,24,9,DELAY,7,MUL,0.1997131260109256,1
36,25,4,JUNK-S4,18,MOVE_S,-3.4210028382213813,0
36,26,11,JUNK-I5,10,THRESH,1.6548356578264718,0
36,27,0,CONST,11,JUNK-I5,-0.03637806329538865,0
36,28,7,MUL,9,DELAY,1.8289132358775597,1
36,29,8,CLAMP,8,CLAMP,0.22156437879573962,1
36,30,7,MUL,8,CLAMP,-2.02447584459975,1
36,31,12,JUNK-I6,15,HARVEST,-2.5039826654866175,0
37,0,1,RAND,14,ACTION_Y,-3.447737052522355,1
37,1,1,RAND,16,REPRODUCE,3.4377269814142277,1
37,2,1,RAND,16,REPRODUCE,-3.724967192602313,1
37,3,11,JUNK-I5,15,HARVEST,1.6075930051576282,0
37,4,5,JUNK-S5,10,THRESH,2.860316782128361,0
37,5,2,LOCAL_RESOURCE,17,MOVE_N,2.121036408581805,1
37,6,4,JUNK-S4,8,CLAMP,2.2155217139194923,0
37,7,2,LOCAL_RESOURCE,17,MOVE_N,-1.4611041596728416,1
37,8,9,DELAY,8,CLAMP,-2.1054109317300944,1
37,9,0,CONST,13,JUNK-I7,-1.346964934232612,0
37,10,4,JUNK-S4,10,THRESH,3.4516434217352825,0
37,11,7,MUL,14,ACTION_Y,-0.8170415356913968,1
37,12,7,MUL,9,DELAY,2.3207495345927307,1
37,13,0,CONST,6,ADD,3.7405926694540237,1
37,14,12,JUNK-I6,10,THRESH,0.0028077028717917417,0
37,15,0,CONST,10,THRESH,-1.0784020508438368,1
37,16,1,RAND,18,MOVE_S,-0.42213202307199316,1
37,17,2,LOCAL_RESOURCE,12,JUNK-I6,-1.4736777855769525,0
37,18,1,RAND,16,REPRODUCE,-3.161351359599597,1
37,19,0,CONST,10,THRESH,3.5816522721030304,1
37,20,3,SELF_ENERGY,20,MOVE_W,3.2784203619495225,1
37,21,11,JUNK-I5,9,DELAY,1.901058992278817,0
37,22,12,JUNK-I6,12,JUNK-I6,2.699179052095096,0
37,23,7,MUL,16,REPRODUCE,3.1025116733298748,1
37,24,11,JUNK-I5,7,MUL,1.6224860377819148,0
37,25,6,ADD,8,CLAMP,-0.09704886013367107,1
37,26,2,LOCAL_RESOURCE,19,MOVE_E,-3.5814081240272224,1
37,27,7,MUL,18,MOVE_S,-2.9277016510513625,1
37,28,6,ADD,14,ACTION_Y,0.7182836390270699,1
37,29,5,JUNK-S5,18,MOVE_S,1.0937833796197394,0
37,30,12,JUNK-I6,8,CLAMP,-3.042817468794824,0
37,31,0,CONST,18,MOVE_S,-3.025727103488266,1
38,0,5,JUNK-S5,19,MOVE_E,1.73711355937376,0
38,1,6,ADD,7,MUL,-1.0921964171269876,1
38,2,13,JUNK-I7,10,THRESH,3.2083498641926327,0
38,3,1,RAND,8,CLAMP,0.7641834772789697,1
38,4,3,SELF_ENERGY,19,MOVE_E,3.577990050965911,1
38,5,1,RAND,10,THRESH,-3.348246711630604,1
38,6,13,JUNK-I7,20,MOVE_W,1.8098696859645376,0
38,7,11,JUNK-I5,18,MOVE_S,1.6365245521408733,0
38,8,7,MUL,12,JUNK-I6,-1.5196996978667563,0
38,9,2,LOCAL_RESOURCE,8,CLAMP,0.14709921567430648,1
38,10,4,JUNK-S4,9,DELAY,-2.5666066469313638,0
38,11,4,JUNK-S4,7,MUL,0.33069856868190556,0
38,12,13,JUNK-I7,20,MOVE_W,-3.7006744590594196,0
38,13,7,MUL,18,MOVE_S,-3.4407788323618274,1
38,14,11,JUNK-I5,14,ACTION_Y,-0.8976104007080294,0
38,15,11,JUNK-I5,19,MOVE_E,-1.510666219061861,0
38,16,9,DELAY,13,JUNK-I7,2.880947294534135,0
38,17,4,JUNK-S4,8,CLAMP,3.295632801293985,0
38,18,9,DELAY,19,MOVE_E,1.8740806299020356,1
38,19,1,RAND,6,ADD,-0.6760460219122898,1
38,20,9,DELAY,21,JUNK-A7,1.2132938627277443,0
38,21,8,CLAMP,13,JUNK-I7,-2.6785485396893214,0
38,22,11,JUNK-I5,9,DELAY,3.7530442213202306,0
38,23,13,JUNK-I7,16,REPRODUCE,1.1755729850154117,0
38,24,7,MUL,18,MOVE_S,1.3562425611133153,1
38,25,0,CONST,14,ACTION_Y,2.257881405072176,1
38,26,13,JUNK-I7,16,REPRODUCE,-0.18225653859065524,0
38,27,3,SELF_ENERGY,9,DELAY,-2.726157414471877,1
38,28,6,ADD,6,ADD,-1.2356334116641743,1
38,29,8,CLAMP,7,MUL,3.359233375041963,1
38,30,3,SELF_ENERGY,19,MOVE_E,-3.546006653035066,1
38,31,1,RAND,11,JUNK-I5,1.9491561632129886,0
39,0,10,THRESH,10,THRESH,3.6876125370036927,1
39,1,2,LOCAL_RESOURCE,17,MOVE_N,-2.1803643910031436,1
39,2,0,CONST,8,CLAMP,-3.795281838435011,1
39,3,0,CONST,18,MOVE_S,-2.9699392681661427,1
39,4,7,MUL,19,MOVE_E,-0.12475966673787653,1
39,5,0,CONST,18,MOVE_S,1.2684713278603472,1
39,6,12,JUNK-I6,14,ACTION_Y,-1.2356334116641743,0
39,7,12,JUNK-I6,8,CLAMP,-1.1925412762840664,0
39,8,7,MUL,14,ACTION_Y,0.5158848841822565,1
39,9,11,JUNK-I5,8,CLAMP,2.8969389934995573,0
39,10,11,JUNK-I5,15,HARVEST,-2.0476699118015076,0
39,11,6,ADD,13,JUNK-I7,3.1885738700521866,0
39,12,5,JUNK-S5,18,MOVE_S,3.7875911740470594,0
39,13,0,CONST,14,ACTION_Y,3.9512924588763085,1
39,14,5,JUNK-S5,18,MOVE_S,1.141514328440199,0
39,15,2,LOCAL_RESOURCE,11,JUNK-I5,1.1023285622730186,0
39,16,8,CLAMP,17,MOVE_N,1.966856898709067,1
39,17,0,CONST,15,HARVEST,-0.4554582354197821,1
39,18,11,JUNK-I5,17,MOVE_N,1.0718100527970214,0
39,19,9,DELAY,21,JUNK-A7,-0.0061037018951994385,0
39,20,7,MUL,16,REPRODUCE,3.2344737083040864,1
39,21,8,CLAMP,7,MUL,1.8828699606311228,1
39,22,7,MUL,16,REPRODUCE,-2.577105014191107,1
39,23,9,DELAY,16,REPRODUCE,1.4412060914944913,1
39,24,3,SELF_ENERGY,21,JUNK-A7,-3.1475569933164462,0
39,25,11,JUNK-I5,17,MOVE_N,-1.4382763145847957,0
39,26,3,SELF_ENERGY,12,JUNK-I6,-1.5271462141788994,0
39,27,8,CLAMP,17,MOVE_N,3.4946134830774866,1
39,28,5,JUNK-S5,13,JUNK-I7,0.8968779564806055,0
39,29,3,SELF_ENERGY,20,MOVE_W,1.846736045411542,1
39,30,6,ADD,16,REPRODUCE,0.586443678090762,1
39,31,11,JUNK-I5,12,JUNK-I6,1.2952055421613209,0
40,0,1,RAND,14,ACTION_Y,-3.442365794854579,1
40,1,4,JUNK-S4,13,JUNK-I7,0.40467543565172276,0
40,2,3,SELF_ENERGY,17,MOVE_N,0.45924253059480574,1
40,3,4,JUNK-S4,8,CLAMP,-0.8637958922086245,0
40,4,13,JUNK-I7,21,JUNK-A7,0.23731192968535417,0
40,5,3,SELF_ENERGY,8,CLAMP,2.195013275551622,1
40,6,10,THRESH,13,JUNK-I7,-1.0722983489486373,0
40,7,5,JUNK-S5,14,ACTION_Y,-1.3943296609393596,0
40,8,13,JUNK-I7,7,MUL,0.3238624225592822,0
40,9,1,RAND,6,ADD,1.5397198400830103,1
40,10,1,RAND,6,ADD,-0.08349864192632832,1
40,11,1,RAND,16,REPRODUCE,3.575060274056215,1
40,12,0,CONST,21,JUNK-A7,0.5704519791253395,0
40,13,3,SELF_ENERGY,7,MUL,2.085024567400128,1
40,14,8,CLAMP,11,JUNK-I5,2.9601733451338235,0
40,15,6,ADD,17,MOVE_N,0.4152958769493698,1
40,16,4,JUNK-S4,8,CLAMP,-2.1317789239173557,0
40,17,7,MUL,19,MOVE_E,-3.725333414716025,1
40,18,12,JUNK-I6,9,DELAY,-0.31580553605761896,0
40,19,11,JUNK-I5,11,JUNK-I5,-1.2023071993163854,0
40,20,5,JUNK-S5,16,REPRODUCE,-3.5746940519425032,0
40,21,4,JUNK-S4,11,JUNK-I5,2.0790429395428327,0
40,22,8,CLAMP,11,JUNK-I5,-0.8763695181127353,0
40,23,3,SELF_ENERGY,10,THRESH,-2.9136631366924037,1
40,24,6,ADD,6,ADD,-2.877529221472823,1
40,25,9,DELAY,17,MOVE_N,0.7123020111697744,1
40,26,4,JUNK-S4,18,MOVE_S,2.0061647389141513,0
40,27,3,SELF_ENERGY,9,DELAY,-1.0836512344737084,1
40,28,0,CONST,19,MOVE_E,-2.7777947325052645,1
40,29,11,JUNK-I5,10,THRESH,2.172063356425672,0
40,30,8,CLAMP,21,JUNK-A7,3.174047059541612,0
40,31,4,JUNK-S4,13,JUNK-I7,1.2202520828882717,0
41,0,10,THRESH,17,MOVE_N,-3.7997985778374583,1
41,1,11,JUNK-I5,19,MOVE_E,-0.19275490585039826,0
41,2,1,RAND,12,JUNK-I6,-3.8217719046601766,0
41,3,3,SELF_ENERGY,11,JUNK-I5,-2.9060945463423566,0
41,4,0,CONST,8,CLAMP,-0.6588335825678274,1
41,5,12,JUNK-I6,16,REPRODUCE,-3.1819818720053714,0
41,6,13,JUNK-I7,8,CLAMP,1.597338785973693,0
41,7,1,RAND,21,JUNK-A7,2.58760338145085,0
41,8,1,RAND,11,JUNK-I5,-0.6231879634998627,0
41,9,4,JUNK-S4,15,HARVEST,-2.58882412182989,0
41,10,11,JUNK-I5,18,MOVE_S,-2.154606769005402,0
41,11,2,LOCAL_RESOURCE,14,ACTION_Y,1.401043733024079,1
41,12,12,JUNK-I6,6,ADD,-2.0139774773400068,0
41,13,12,JUNK-I6,15,HARVEST,-3.9407940916165654,0
41,14,5,JUNK-S5,10,THRESH,1.5166478469191564,0
41,15,8,CLAMP,20,MOVE_W,-1.390545365764336,1
41,16,7,MUL,20,MOVE_W,1.378460036011841,1
41,17,8,CLAMP,8,CLAMP,-3.5623645741142003,1
41,18,6,ADD,20,MOVE_W,-0.9671926023133031,1
41,19,6,ADD,15,HARVEST,-1.7656788842432936,1
41,20,0,CONST,20,MOVE_W,-2.4956816309091465,1
41,21,8,CLAMP,19,MOVE_E,-3.6789452803125093,1
41,22,10,THRESH,18,MOVE_S,-0.22156437879573962,1
41,23,0,CONST,13,JUNK-I7,0.03173924985503708,0
41,24,4,JUNK-S4,16,REPRODUCE,0.14197210608233893,0
41,25,1,RAND,12,JUNK-I6,-1.2845851008636737,0
41,26,7,MUL,6,ADD,-1.185094759971923,1
41,27,8,CLAMP,15,HARVEST,2.282540360728782,1
41,28,4,JUNK-S4,14,ACTION_Y,1.2015747550889615,0
41,29,5,JUNK-S5,8,CLAMP,1.3501388592181158,0
41,30,4,JUNK-S4,18,MOVE_S,-1.173131504257332,0
41,31,13,JUNK-I7,15,HARVEST,0.26343577379680777,0
42,0,9,DELAY,7,MUL,0.20935697500534073,1
42,1,9,DELAY,18,MOVE_S,1.5395977660451063,1
42,2,7,MUL,7,MUL,3.7020172734763634,1
42,3,10,THRESH,17,MOVE_N,2.80367442854091,1
42,4,11,JUNK-I5,8,CLAMP,-1.6881618701742607,0
42,5,5,JUNK-S5,19,MOVE_E,-3.2638935514389478,0
42,6,9,DELAY,19,MOVE_E,2.848109378337962,1
42,7,4,JUNK-S4,21,JUNK-A7,1.4755088961455123,0
42,8,11,JUNK-I5,11,JUNK-I5,-1.184850611896115,0
42,9,5,JUNK-S5,16,REPRODUCE,-3.6176641132847074,0
42,10,7,MUL,21,JUNK-A7,0.01574755088961455,0
42,11,9,DELAY,9,DELAY,0.24268318735312966,1
42,12,10,THRESH,10,THRESH,-3.5815301980651264,1
42,13,1,RAND,17,MOVE_N,3.2358165227210303,1
42,14,3,SELF_ENERGY,13,JUNK-I7,3.3771782586138492,0
42,15,2,LOCAL_RESOURCE,6,ADD,2.7005218665120396,1
42,16,11,JUNK-I5,19,MOVE_E,-2.119205298013245,0
42,17,12,JUNK-I6,12,JUNK-I6,3.1113010040589617,0
42,18,11,JUNK-I5,7,MUL,2.661824396496475,0
42,19,11,JUNK-I5,21,JUNK-A7,-0.3297219763786737,0
42,20,4,JUNK-S4,6,ADD,-0.5609302041688284,0
42,21,13,JUNK-I7,9,DELAY,3.3418988616595966,0
42,22,10,THRESH,6,ADD,1.6075930051576282,1
42,23,0,CONST,12,JUNK-I6,2.910000915555284,0
42,24,3,SELF_ENERGY,11,JUNK-I5,-3.475569933164464,0
42,25,8,CLAMP,11,JUNK-I5,-2.468337046418653,0
42,26,5,JUNK-S5,10,THRESH,-3.3328653828547012,0
42,27,3,SELF_ENERGY,7,MUL,2.9329508346812343,1
42,28,9,DELAY,17,MOVE_N,1.184728537858211,1
42,29,0,CONST,19,MOVE_E,1.805108798486282,1
42,30,5,JUNK-S5,8,CLAMP,-0.6286812952055422,0
42,31,5,JUNK-S5,15,HARVEST,1.6034424878688924,0
43,0,5,JUNK-S5,10,THRESH,-0.44080935087130346,0
43,1,2,LOCAL_RESOURCE,9,DELAY,-1.5116428113650928,1
43,2,0,CONST,20,MOVE_W,0.662862025818659,1
43,3,4,JUNK-S4,18,MOVE_S,-0.7123020111697744,0
43,4,3,SELF_ENERGY,6,ADD,1.490401928769799,1
43,5,7,MUL,18,MOVE_S,1.6792504654072695,1
43,6,11,JUNK-I5,15,HARVEST,3.301858577227088,0
43,7,10,THRESH,14,ACTION_Y,0.4989165929136021,1
43,8,5,JUNK-S5,9,DELAY,-1.5891598254341257,0
43,9,7,MUL,19,MOVE_E,3.063570055238502,1
43,10,3,SELF_ENERGY,14,ACTION_Y,1.7544480727561267,1
43,11,3,SELF_ENERGY,14,ACTION_Y,0.7701651051362651,1
43,12,4,JUNK-S4,9,DELAY,2.4507583849604786,0
43,13,1,RAND,19,MOVE_E,-3.239600817896054,1
43,14,1,RAND,11,JUNK-I5,-0.9330118717001862,0
43,15,4,JUNK-S4,15,HARVEST,-0.09826960051271096,0
43,16,5,JUNK-S5,10,THRESH,0.4497207556382946,0
43,17,2,LOCAL_RESOURCE,8,CLAMP,-2.2337107455671865,1
43,18,9,DELAY,15,HARVEST,-0.14514603106784266,1
43,19,3,SELF_ENERGY,9,DELAY,1.39188818018128,1
43,20,4,JUNK-S4,19,MOVE_E,-1.0431226538895841,0
43,21,5,JUNK-S5,18,MOVE_S,1.827326273384808,0
43,22,1,RAND,17,MOVE_N,3.59019745475631,1
43,23,4,JUNK-S4,19,MOVE_E,-0.7335428937650685,0
43,24,9,DELAY,9,DELAY,-0.5879085665456099,1
43,25,8,CLAMP,13,JUNK-I7,-2.9294106875820183,0
43,26,7,MUL,18,MOVE_S,0.5398113956114383,1
43,27,0,CONST,20,MOVE_W,-3.11032441175573,1
43,28,11,JUNK-I5,10,THRESH,-3.160740989410077,0
43,29,3,SELF_ENERGY,9,DELAY,-3.0392773216956086,1
43,30,12,JUNK-I6,11,JUNK-I5,1.0161442915128025,0
43,31,13,JUNK-I7,16,REPRODUCE,-2.0945463423566393,0
44,0,9,DELAY,9,DELAY,3.4837488937040315,1
44,1,11,JUNK-I5,8,CLAMP,-0.3198339793084506,0
44,2,9,DELAY,8,CLAMP,1.5847651600695822,1
44,3,3,SELF_ENERGY,7,MUL,2.86947233497116,1
44,4,6,ADD,10,THRESH,-0.5190588091677603,1
44,5,0,CONST,11,JUNK-I5,-0.511123996704001,0
44,6,0,CONST,8,CLAMP,2.031434064760277,1
44,7,8,CLAMP,8,CLAMP,3.2984405041657765,1
44,8,1,RAND,13,JUNK-I7,2.1911069063386943,0
44,9,10,THRESH,14,ACTION_Y,1.554857020783105,1
44,10,6,ADD,18,MOVE_S,-3.1029999694814907,1
44,11,9,DELAY,20,MOVE_W,0.26441236610003965,1
44,12,5,JUNK-S5,19,MOVE_E,-2.4906765953550827,0
44,13,6,ADD,11,JUNK-I5,2.2210150456251716,0
44,14,1,RAND,7,MUL,2.0872219000824,1
44,15,4,JUNK-S4,13,JUNK-I7,2.2539750358592485,0
44,16,7,MUL,9,DELAY,1.521530808435316,1
44,17,7,MUL,7,MUL,-1.076937162388989,1
44,18,5,JUNK-S5,20,MOVE_W,-2.9002349925229653,0
44,19,8,CLAMP,19,MOVE_E,3.313943906979583,1
44,20,7,MUL,9,DELAY,0.6589556566057314,1
44,21,1,RAND,10,THRESH,-3.0795617542039246,1
44,22,4,JUNK-S4,9,DELAY,3.696768089846492,0
44,23,11,JUNK-I5,19,MOVE_E,1.5067598498489334,0
44,24,7,MUL,20,MOVE_W,0.10022278511917478,1
44,25,2,LOCAL_RESOURCE,16,REPRODUCE,-3.815546128727073,1
44,26,12,JUNK-I6,16,REPRODUCE,2.554887539292581,0
44,27,0,CONST,19,MOVE_E,-2.3860591448713646,1
44,28,6,ADD,10,THRESH,-1.1937620166631062,1
44,29,0,CONST,9,DELAY,2.911221655934324,1
44,30,4,JUNK-S4,6,ADD,2.445142979216895,0
44,31,13,JUNK-I7,8,CLAMP,2.9980162968840602,0
45,0,2,LOCAL_RESOURCE,7,MUL,1.9732047486800746,1
45,1,1,RAND,13,JUNK-I7,-1.685720389416181,0
45,2,1,RAND,9,DELAY,-1.4324167607654041,1
45,3,0,CONST,15,HARVEST,2.595660267952513,1
45,4,6,ADD,8,CLAMP,-1.6444593646046326,1
45,5,13,JUNK-I7,10,THRESH,1.836725974303415,0
45,6,4,JUNK-S4,11,JUNK-I5,-0.10242011780144658,0
45,7,4,JUNK-S4,18,MOVE_S,-3.74230170598468,0
45,8,13,JUNK-I7,18,MOVE_S,-3.775749992370373,0
45,9,1,RAND,11,JUNK-I5,-2.5911435285500657,0
45,10,5,JUNK-S5,6,ADD,-0.804223761711478,0
45,11,7,MUL,15,HARVEST,2.7101657155064545,1
45,12,4,JUNK-S4,20,MOVE_W,0.47938474684896387,0
45,13,5,JUNK-S5,7,MUL,-1.0183416241950742,0
45,14,6,ADD,14,ACTION_Y,3.6766258735923336,1
45,15,8,CLAMP,10,THRESH,1.0166325876644184,1
45,16,4,JUNK-S4,14,ACTION_Y,-3.6432996612445447,0
45,17,11,JUNK-I5,18,MOVE_S,2.5946836756492813,0
45,18,13,JUNK-I7,21,JUNK-A7,-3.000213629566332,0
45,19,0,CONST,9,DELAY,-0.5742362743003632,1
45,20,3,SELF_ENERGY,7,MUL,2.9578539384136477,1
45,21,13,JUNK-I7,6,ADD,2.358836634418775,0
45,22,11,JUNK-I5,14,ACTION_Y,2.3748283333841975,0
45,23,10,THRESH,10,THRESH,3.986449781792657,1
45,24,5,JUNK-S5,14,ACTION_Y,0.20679342020935698,0
45,25,5,JUNK-S5,15,HARVEST,3.686513870662557,0
45,26,10,THRESH,9,DELAY,-1.3098544267097996,1
45,27,10,THRESH,21,JUNK-A7,-0.17407757805108798,0
45,28,0,CONST,11,JUNK-I5,-2.5290078432569354,0
45,29,0,CONST,19,MOVE_E,-2.533890804773095,1
45,30,12,JUNK-I6,11,JUNK-I5,0.7119357890560625,0
45,31,4,JUNK-S4,18,MOVE_S,3.5379497665334023,0
46,0,9,DELAY,18,MOVE_S,1.3793145542771692,1
46,1,8,CLAMP,17,MOVE_N,-2.8000122074037903,1
46,2,6,ADD,17,MOVE_N,1.8019348735007783,1
46,3,12,JUNK-I6,9,DELAY,2.9057283242286447,0
46,4,7,MUL,7,MUL,-3.834589678640095,1
46,5,1,RAND,19,MOVE_E,-3.512436292611469,1
46,6,3,SELF_ENERGY,11,JUNK-I5,2.554399243140965,0
46,7,0,CONST,7,MUL,0.6401562547685171,1
46,8,0,CONST,11,JUNK-I5,1.8497878963591419,0
46,9,0,CONST,20,MOVE_W,-0.2706381420331431,1
46,10,2,LOCAL_RESOURCE,13,JUNK-I7,2.698446607867672,0
46,11,8,CLAMP,6,ADD,2.500930814539018,1
46,12,7,MUL,20,MOVE_W,-1.3079012421033356,1
46,13,8,CLAMP,12,JUNK-I6,-0.37025055696279796,0
46,14,10,THRESH,19,MOVE_E,1.3723563341166418,1
46,15,0,CONST,11,JUNK-I5,1.9861445966978972,0
46,16,10,THRESH,16,REPRODUCE,1.8403881954405348,1
46,17,13,JUNK-I7,7,MUL,1.3893246253852962,0
46,18,6,ADD,13,JUNK-I7,0.09753715628528703,0
46,19,0,CONST,20,MOVE_W,3.098483230079043,1
46,20,10,THRESH,19,MOVE_E,0.11377300332651753,1
46,21,6,ADD,20,MOVE_W,0.7509994811853389,1
46,22,6,ADD,11,JUNK-I5,0.9878231147190771,0
46,23,9,DELAY,17,MOVE_N,0.6364940336313974,1
46,24,5,JUNK-S5,20,MOVE_W,-2.6553544724875637,0
46,25,8,CLAMP,21,JUNK-A7,-1.1443220313119906,0
46,26,12,JUNK-I6,20,MOVE_W,2.834315012054811,0
46,27,5,JUNK-S5,7,MUL,-1.13113803521836,0
46,28,10,THRESH,9,DELAY,-2.084047975096896,1
46,29,8,CLAMP,6,ADD,1.9192480239265115,1
46,30,5,JUNK-S5,12,JUNK-I6,2.589800714133122,0
46,31,3,SELF_ENERGY,16,REPRODUCE,-2.8677632984405044,1
47,0,1,RAND,20,MOVE_W,0.5398113956114383,1
47,1,0,CONST,16,REPRODUCE,2.020569475386822,1
47,2,1,RAND,21,JUNK-A7,-1.6936552018799402,0
47,3,13,JUNK-I7,16,REPRODUCE,0.23877681814020202,0
47,4,8,CLAMP,14,ACTION_Y,0.1882381664479507,1
47,5,12,JUNK-I6,10,THRESH,-1.3208410901211585,0
47,6,7,MUL,10,THRESH,-0.7483138523514512,1
47,7,7,MUL,17,MOVE_N,3.5412457655568104,1
47,8,13,JUNK-I7,19,MOVE_E,-2.7860957670827355,0
47,9,1,RAND,16,REPRODUCE,1.2519913327433088,1
47,10,1,RAND,7,MUL,-3.3825495162816246,1
47,11,1,RAND,11,JUNK-I5,0.3999145481734672,0
47,12,4,JUNK-S4,17,MOVE_N,1.9049653614917448,0
47,13,4,JUNK-S4,19,MOVE_E,-2.8171025727103487,0
47,14,3,SELF_ENERGY,15,HARVEST,-3.686147648548845,1
47,15,5,JUNK-S5,16,REPRODUCE,3.3730277413251137,0
47,16,5,JUNK-S5,18,MOVE_S,-1.0071108127079074,0
47,17,1,RAND,8,CLAMP,-2.846156193731498,1
47,18,0,CONST,8,CLAMP,2.306466872157964,1
47,19,12,JUNK-I6,19,MOVE_E,2.007141331217383,0
47,20,13,JUNK-I7,20,MOVE_W,-0.21826837977233193,0
47,21,10,THRESH,9,DELAY,-3.2402111880855737,1
47,22,4,JUNK-S4,14,ACTION_Y,-2.9207434308908353,0
47,23,4,JUNK-S4,13,JUNK-I7,0.6051210058900723,0
47,24,13,JUNK-I7,6,ADD,-0.3216650898770104,0
47,25,13,JUNK-I7,8,CLAMP,-1.4286324655903806,0
47,26,8,CLAMP,6,ADD,-3.443342387157811,1
47,27,5,JUNK-S5,16,REPRODUCE,-2.7892696920682396,0
47,28,10,THRESH,18,MOVE_S,-2.3881344035157324,1
47,29,6,ADD,11,JUNK-I5,0.7726065858943449,0
47,30,2,LOCAL_RESOURCE,18,MOVE_S,0.5898617511520737,1
47,31,11,JUNK-I5,10,THRESH,2.67268898586993,0
48,0,2,LOCAL_RESOURCE,11,JUNK-I5,-1.7616504409924618,0
48,1,11,JUNK-I5,19,MOVE_E,1.8597979674672689,0
48,2,12,JUNK-I6,21,JUNK-A7,1.7258827478865932,0
48,3,4,JUNK-S4,9,DELAY,1.977111117893002,0
48,4,3,SELF_ENERGY,10,THRESH,0.9658497878963591,1
48,5,0,CONST,12,JUNK-I6,-1.4380321665089877,0
48,6,2,LOCAL_RESOURCE,18,MOVE_S,-1.7249061555833614,1
48,7,8,CLAMP,21,JUNK-A7,2.774498733481857,0
48,8,0,CONST,14,ACTION_Y,-0.7170628986480301,1
48,9,13,JUNK-I7,13,JUNK-I7,-3.0943327127903073,0
48,10,11,JUNK-I5,14,ACTION_Y,-3.0600299081392865,0
48,11,12,JUNK-I6,11,JUNK-I5,3.914792321543016,0
48,12,1,RAND,15,HARVEST,3.653309732352672,1
48,13,4,JUNK-S4,19,MOVE_E,1.2313608203375348,0
48,14,1,RAND,14,ACTION_Y,0.32984405041657766,1
48,15,9,DELAY,21,JUNK-A7,-2.390575884273812,0
48,16,11,JUNK-I5,10,THRESH,-3.557847834711753,0
48,17,2,LOCAL_RESOURCE,19,MOVE_E,-0.641132847071749,1
48,18,1,RAND,15,HARVEST,-1.762382885219886,1
48,19,12,JUNK-I6,14,ACTION_Y,2.468947416608173,0
48,20,10,THRESH,7,MUL,2.1453291421246985,1
48,21,4,JUNK-S4,6,ADD,3.7228919339579454,0
48,22,4,JUNK-S4,14,ACTION_Y,-2.2898648030030215,0
48,23,12,JUNK-I6,21,JUNK-A7,-3.633777886288034,0
48,24,11,JUNK-I5,14,ACTION_Y,2.043885616626484,0
48,25,13,JUNK-I7,11,JUNK-I5,-2.0603656117435225,0
48,26,6,ADD,10,THRESH,1.95745719779046,1
48,27,0,CONST,9,DELAY,-0.3841669972838527,1
48,28,6,ADD,15,HARVEST,-2.5829645680104982,1
48,29,5,JUNK-S5,19,MOVE_E,-0.0988799707022309,0
48,30,12,JUNK-I6,21,JUNK-A7,1.6887722403637806,0
48,31,12,JUNK-I6,15,HARVEST,0.5119785149693289,0
49,0,7,MUL,7,MUL,-2.4400158696249274,1
49,1,4,JUNK-S4,13,JUNK-I7,0.3925901058992279,0
49,2,12,JUNK-I6,10,THRESH,-3.5923947874385815,0
49,3,7,MUL,8,CLAMP,3.3810846278267768,1
49,4,4,JUNK-S4,15,HARVEST,-1.9215674306466872,0
49,5,6,ADD,8,CLAMP,0.4251838740195929,1
49,6,10,THRESH,18,MOVE_S,0.3291116061891537,1
49,7,8,CLAMP,8,CLAMP,2.6785485396893214,1
49,8,11,JUNK-I5,13,JUNK-I7,-3.218482009338664,0
49,9,5,JUNK-S5,9,DELAY,0.1239051484725486,0
49,10,11,JUNK-I5,9,DELAY,-0.988677632984405,0
49,11,10,THRESH,17,MOVE_N,1.2115848261970885,1
49,12,0,CONST,7,MUL,2.697836237678152,1
49,13,1,RAND,7,MUL,2.1231116672261727,1
49,14,9,DELAY,8,CLAMP,-2.9965514084292124,1
49,15,13,JUNK-I7,11,JUNK-I5,3.2557145908993803,0
49,16,9,DELAY,7,MUL,-3.498275704214606,1
49,17,1,RAND,20,MOVE_W,-3.1873531296731468,1
49,18,13,JUNK-I7,18,MOVE_S,-3.4936368907742548,0
49,19,2,LOCAL_RESOURCE,8,CLAMP,-3.1803949095126196,1
49,20,2,LOCAL_RESOURCE,15,HARVEST,-0.8299813837092196,1
49,21,13,JUNK-I7,12,JUNK-I6,1.9959105197302163,0
49,22,0,CONST,21,JUNK-A7,3.447492904446547,0
49,23,8,CLAMP,12,JUNK-I6,1.7689748832667012,0
49,24,9,DELAY,13,JUNK-I7,-3.8298287911618396,0
49,25,3,SELF_ENERGY,7,MUL,3.851802117984558,1
49,26,2,LOCAL_RESOURCE,17,MOVE_N,-3.4592120120853296,1
49,27,0,CONST,13,JUNK-I7,-1.4177678762169255,0
49,28,0,CONST,6,ADD,-3.9310281685842465,1
49,29,2,LOCAL_RESOURCE,16,REPRODUCE,0.09314249092074343,1
49,30,4,JUNK-S4,17,MOVE_N,2.58394116031373,0
49,31,3,SELF_ENERGY,7,MUL,0.8235114597003083,1
50,0,2,LOCAL_RESOURCE,8,CLAMP,-2.2782677694021425,1
50,1,2,LOCAL_RESOURCE,11,JUNK-I5,1.740043336283456,0
50,2,7,MUL,20,MOVE_W,-1.6439710684530167,1
50,3,12,JUNK-I6,16,REPRODUCE,2.47468489638966,0
50,4,1,RAND,8,CLAMP,-1.4692831202124088,1
50,5,5,JUNK-S5,19,MOVE_E,3.3812067018646808,0
50,6,3,SELF_ENERGY,17,MOVE_N,3.5723746452223275,1
50,7,6,ADD,9,DELAY,0.49330118717001864,1
50,8,1,RAND,18,MOVE_S,-3.6252327036347545,1
50,9,12,JUNK-I6,15,HARVEST,1.5234839930417798,0
50,10,2,LOCAL_RESOURCE,9,DELAY,-0.8678243354594561,1
50,11,2,LOCAL_RESOURCE,8,CLAMP,3.0169377727591784,1
50,12,13,JUNK-I7,16,REPRODUCE,-3.967772453993347,0
50,13,7,MUL,9,DELAY,-1.3702810754722738,1
50,14,11,JUNK-I5,19,MOVE_E,-2.4087649159215063,0
50,15,5,JUNK-S5,10,THRESH,-0.8285164952543718,0
50,16,12,JUNK-I6,18,MOVE_S,-3.7684255500961332,0
50,17,3,SELF_ENERGY,20,MOVE_W,-2.3319803460798973,1
50,18,3,SELF_ENERGY,15,HARVEST,0.39759514145329145,1
50,19,2,LOCAL_RESOURCE,19,MOVE_E,2.6145817438276313,1
50,20,4,JUNK-S4,20,MOVE_W,3.161595507675405,0
50,21,2,LOCAL_RESOURCE,17,MOVE_N,3.139744254890591,1
50,22,3,SELF_ENERGY,21,JUNK-A7,-2.5998107852412486,0
50,23,7,MUL,7,MUL,-1.7553025910214546,1
50,24,1,RAND,17,MOVE_N,-0.9195837275307474,1
50,25,12,JUNK-I6,20,MOVE_W,3.1777092806787315,0
50,26,10,THRESH,15,HARVEST,-2.7731559190649127,1
50,27,3,SELF_ENERGY,16,REPRODUCE,-0.08728293710135197,1
50,28,11,JUNK-I5,13,JUNK-I7,0.7800531022064883,0
50,29,8,CLAMP,10,THRESH,-1.3519699697866756,1
50,30,13,JUNK-I7,9,DELAY,-2.1321451460310676,0
50,31,12,JUNK-I6,16,REPRODUCE,1.0578936124759666,0
51,0,13,JUNK-I7,12,JUNK-I6,2.3446760460219123,0
51,1,4,JUNK-S4,9,DELAY,-0.2882168034913175,0
51,2,3,SELF_ENERGY,16,REPRODUCE,-2.3007293923764762,1
51,3,8,CLAMP,6,ADD,-3.775383770256661,1
51,4,8,CLAMP,20,MOVE_W,-0.7413556321909238,1
51,5,8,CLAMP,17,MOVE_N,2.0940580462050233,1
51,6,4,JUNK-S4,7,MUL,-1.2136600848414563,0
51,7,7,MUL,19,MOVE_E,-2.6829432050538653,1
51,8,4,JUNK-S4,16,REPRODUCE,-0.531998657185583,0
51,9,11,JUNK-I5,18,MOVE_S,-2.801721243934446,0
51,10,7,MUL,8,CLAMP,0.9332560197759942,1
51,11,0,CONST,9,DELAY,-3.383404034546953,1
51,12,3,SELF_ENERGY,16,REPRODUCE,-3.523667104098636,1
51,13,13,JUNK-I7,12,JUNK-I6,-0.3932004760887478,0
51,14,10,THRESH,7,MUL,1.4246040223395489,1
51,15,0,CONST,9,DELAY,-3.4207586901455733,1
51,16,9,DELAY,9,DELAY,3.846186712240974,1
51,17,12,JUNK-I6,13,JUNK-I7,3.338480788598285,0
51,18,6,ADD,8,CLAMP,1.3550218207342752,1
51,19,12,JUNK-I6,14,ACTION_Y,0.8332773827326273,0
51,20,11,JUNK-I5,14,ACTION_Y,3.0746787926877652,0
51,21,4,JUNK-S4,11,JUNK-I5,-2.534012878810999,0
51,22,6,ADD,21,JUNK-A7,-1.4061708426160466,0
51,23,9,DELAY,15,HARVEST,2.409619434186834,1
51,24,5,JUNK-S5,16,REPRODUCE,3.6784569841608934,0
51,25,7,MUL,19,MOVE_E,-1.8353831598864712,1
51,26,2,LOCAL_RESOURCE,11,JUNK-I5,-0.6439405499435408,0
51,27,0,CONST,16,REPRODUCE,2.7762077700125127,1
51,28,5,JUNK-S5,13,JUNK-I7,2.0232551042207096,0
51,29,5,JUNK-S5,15,HARVEST,-1.8066957609790337,0
51,30,6,ADD,6,ADD,2.763389996032594,1
51,31,2,LOCAL_RESOURCE,17,MOVE_N,0.14368114261299478,1
52,0,10,THRESH,15,HARVEST,-3.4728843043305764,1
52,1,8,CLAMP,12,JUNK-I6,-2.5596484267708366,0
52,2,2,LOCAL_RESOURCE,9,DELAY,-0.2207098605304117,1
52,3,4,JUNK-S4,6,ADD,-0.8889431440168463,0
52,4,6,ADD,7,MUL,-3.8192083498641924,1
52,5,3,SELF_ENERGY,7,MUL,-2.763512070070498,1
52,6,11,JUNK-I5,18,MOVE_S,3.954588457899716,0
52,7,3,SELF_ENERGY,21,JUNK-A7,0.31666005432294686,0
52,8,12,JUNK-I6,10,THRESH,-2.892056031983398,0
52,9,3,SELF_ENERGY,19,MOVE_E,2.2676473281044953,1
52,10,0,CONST,7,MUL,0.8977324747459334,1
52,11,2,LOCAL_RESOURCE,21,JUNK-A7,1.8826258125553148,0
52,12,9,DELAY,16,REPRODUCE,2.6560869167149876,1
52,13,9,DELAY,6,ADD,-3.597155674916837,1
52,14,3,SELF_ENERGY,21,JUNK-A7,-1.3868831446272165,0
52,15,9,DELAY,17,MOVE_N,3.8643757438886683,1
52,16,11,JUNK-I5,9,DELAY,-2.739341410565508,0
52,17,0,CONST,12,JUNK-I6,1.826227607043672,0
52,18,1,RAND,18,MOVE_S,-3.8045594653157138,1
52,19,3,SELF_ENERGY,21,JUNK-A7,1.41239661854915,0
52,20,5,JUNK-S5,13,JUNK-I7,1.577440717795343,0
52,21,12,JUNK-I6,17,MOVE_N,3.4334543900875882,0
52,22,13,JUNK-I7,8,CLAMP,0.825952940458388,0
52,23,10,THRESH,8,CLAMP,-1.2519913327433088,1
52,24,4,JUNK-S4,20,MOVE_W,2.416577654347362,0
52,25,0,CONST,8,CLAMP,2.4282967619861444,1
52,26,2,LOCAL_RESOURCE,9,DELAY,1.0914639728995637,1
52,27,5,JUNK-S5,14,ACTION_Y,-2.14813684499649,0
52,28,12,JUNK-I6,21,JUNK-A7,3.4828943754387036,0
52,29,10,THRESH,15,HARVEST,-0.06494338816492203,1
52,30,11,JUNK-I5,9,DELAY,-1.2341685232093265,0
52,31,11,JUNK-I5,20,MOVE_W,1.5830561235389264,0
53,0,10,THRESH,19,MOVE_E,-3.338969084749901,1
53,1,7,MUL,11,JUNK-I5,1.8243964964751123,0
53,2,3,SELF_ENERGY,6,ADD,-2.0162968840601825,1
53,3,3,SELF_ENERGY,11,JUNK-I5,2.8608050782799768,0
53,4,10,THRESH,20,MOVE_W,-3.416608172856838,1
53,5,7,MUL,21,JUNK-A7,0.977690969573046,0
53,6,4,JUNK-S4,21,JUNK-A7,-2.6834315012054812,0
53,7,2,LOCAL_RESOURCE,14,ACTION_Y,-0.7685781426435133,1
53,8,3,SELF_ENERGY,17,MOVE_N,0.6118350779747918,1
53,9,1,RAND,8,CLAMP,0.29505294961394085,1
53,10,12,JUNK-I6,9,DELAY,-2.3424787133396405,0
53,11,13,JUNK-I7,6,ADD,2.4943388164922027,0
53,12,13,JUNK-I7,8,CLAMP,-0.6212347788933988,0
53,13,12,JUNK-I6,21,JUNK-A7,-2.7787713248084964,0
53,14,5,JUNK-S5,12,JUNK-I6,-1.924253059480575,0
53,15,1,RAND,8,CLAMP,0.4204229865413373,1
53,16,8,CLAMP,14,ACTION_Y,-2.2210150456251716,1
53,17,0,CONST,20,MOVE_W,-0.5124668111209448,1
53,18,1,RAND,15,HARVEST,3.4831385235145116,1
53,19,3,SELF_ENERGY,8,CLAMP,-2.8233283486434524,1
53,20,4,JUNK-S4,17,MOVE_N,-1.0458082827234718,0
53,21,13,JUNK-I7,9,DELAY,3.422833948789941,0
53,22,11,JUNK-I5,18,MOVE_S,-3.4191717276528215,0
53,23,5,JUNK-S5,18,MOVE_S,1.9951780755027924,0
53,24,5,JUNK-S5,21,JUNK-A7,-0.716696676534318,0
53,25,5,JUNK-S5,19,MOVE_E,-1.9533066805017243,0
53,26,13,JUNK-I7,6,ADD,2.304391613513596,0
53,27,11,JUNK-I5,16,REPRODUCE,0.7882320627460555,0
53,28,5,JUNK-S5,9,DELAY,3.054902798547319,0
53,29,13,JUNK-I7,6,ADD,0.32361827448347424,0
53,30,12,JUNK-I6,19,MOVE_E,2.314279610583819,0
53,31,1,RAND,13,JUNK-I7,-1.8202459791863765,0
54,0,10,THRESH,9,DELAY,-1.6825464644306771,1
54,1,9,DELAY,18,MOVE_S,2.2682576982940152,1
54,2,2,LOCAL_RESOURCE,19,MOVE_E,-1.446333201086459,1
54,3,3,SELF_ENERGY,7,MUL,-2.6007873775444805,1
54,4,3,SELF_ENERGY,8,CLAMP,-2.045350505081332,1
54,5,3,SELF_ENERGY,9,DELAY,-0.9094515823847164,1
54,6,2,LOCAL_RESOURCE,6,ADD,2.043519394512772,1
54,7,4,JUNK-S4,20,MOVE_W,-3.946287423322245,0
54,8,6,ADD,13,JUNK-I7,-1.5745109408856472,0
54,9,11,JUNK-I5,19,MOVE_E,-2.8683736686300243,0
54,10,13,JUNK-I7,18,MOVE_S,0.39112521744438,0
54,11,6,ADD,19,MOVE_E,1.7542039246803187,1
54,12,1,RAND,8,CLAMP,-3.715933713797418,1
54,13,3,SELF_ENERGY,17,MOVE_N,-1.2991119113742484,1
54,14,4,JUNK-S4,21,JUNK-A7,2.031189916684469,0
54,15,9,DELAY,8,CLAMP,3.782586138492996,1
54,16,1,RAND,17,MOVE_N,3.8541215247047336,1
54,17,2,LOCAL_RESOURCE,18,MOVE_S,-0.5892513809625538,1
54,18,13,JUNK-I7,11,JUNK-I5,-1.0953703421124912,0
54,19,0,CONST,8,CLAMP,-3.205908383434553,1
54,20,5,JUNK-S5,21,JUNK-A7,1.6868190557573168,0
54,21,2,LOCAL_RESOURCE,16,REPRODUCE,0.39417706839197975,1
54,22,5,JUNK-S5,19,MOVE_E,0.1882381664479507,0
54,23,4,JUNK-S4,10,THRESH,2.097598193304239,0
54,24,0,CONST,16,REPRODUCE,-1.8121890926847133,1
54,25,11,JUNK-I5,15,HARVEST,0.9624317148350474,0
54,26,4,JUNK-S4,13,JUNK-I7,-2.795007171849727,0
54,27,13,JUNK-I7,13,JUNK-I7,2.8424939725943785,0
54,28,11,JUNK-I5,11,JUNK-I5,-1.880916776024659,0
54,29,6,ADD,19,MOVE_E,-0.29700613422040467,1
54,30,7,MUL,18,MOVE_S,0.6146427808465834,1
54,31,9,DELAY,18,MOVE_S,3.1832026123844113,1
55,0,0,CONST,20,MOVE_W,-3.6456190679647205,1
55,1,4,JUNK-S4,20,MOVE_W,1.7267372661519211,0
55,2,10,THRESH,10,THRESH,0.36902981658375805,1
55,3,2,LOCAL_RESOURCE,9,DELAY,3.5711539048432877,1
55,4,0,CONST,18,MOVE_S,3.445173497726371,1
55,5,1,RAND,17,MOVE_N,-0.1815240943632313,1
55,6,0,CONST,15,HARVEST,3.0059511093478193,1
55,7,11,JUNK-I5,9,DELAY,2.8952299569689015,0
55,8,9,DELAY,11,JUNK-I5,1.8859218115787224,0
55,9,3,SELF_ENERGY,8,CLAMP,-3.8203070162053283,1
55,10,11,JUNK-I5,21,JUNK-A7,2.869228186895352,0
55,11,11,JUNK-I5,20,MOVE_W,3.4614093447676018,0
55,12,0,CONST,8,CLAMP,-0.6228217413861507,1
55,13,2,LOCAL_RESOURCE,11,JUNK-I5,-0.4226203192236091,0
55,14,7,MUL,10,THRESH,1.3321939756462295,1
55,15,1,RAND,14,ACTION_Y,1.7732474745933409,1
55,16,12,JUNK-I6,20,MOVE_W,2.8089236121707817,0
55,17,12,JUNK-I6,21,JUNK-A7,-0.6318552201910459,0
55,18,0,CONST,7,MUL,3.552842799157689,1
55,19,4,JUNK-S4,17,MOVE_N,0.14477980895413067,0
55,20,5,JUNK-S5,11,JUNK-I5,-1.3382976775414288,0
55,21,0,CONST,7,MUL,-1.511032441175573,1
55,22,9,DELAY,20,MOVE_W,0.6158635212256234,1
55,23,5,JUNK-S5,21,JUNK-A7,1.988097781304361,0
55,24,8,CLAMP,9,DELAY,-0.5361491744743186,1
55,25,9,DELAY,6,ADD,1.175939207129124,1
55,26,11,JUNK-I5,6,ADD,-2.351756340220344,0
55,27,7,MUL,7,MUL,-3.293435468611713,1
55,28,1,RAND,14,ACTION_Y,-1.0384838404492325,1
55,29,10,THRESH,15,HARVEST,-0.6468703268532365,1
55,30,1,RAND,8,CLAMP,-2.4821314127018037,1
55,31,0,CONST,20,MOVE_W,-1.303994872890408,1
56,0,9,DELAY,14,ACTION_Y,0.23792229987487412,1
56,1,0,CONST,21,JUNK-A7,0.19519638660847805,0
56,2,13,JUNK-I7,20,MOVE_W,3.271584215826899,0
56,3,11,JUNK-I5,10,THRESH,3.019501327555162,0
56,4,1,RAND,17,MOVE_N,3.8878139591662344,1
56,5,1,RAND,18,MOVE_S,-3.1051973021637624,1
56,6,0,CONST,21,JUNK-A7,-3.891476180303354,0
56,7,0,CONST,17,MOVE_N,0.4275032807397687,1
56,8,3,SELF_ENERGY,13,JUNK-I7,-1.7433393353068636,0
56,9,6,ADD,13,JUNK-I7,0.4087038789025544,0
56,10,2,LOCAL_RESOURCE,9,DELAY,0.14490188299203466,1
56,11,4,JUNK-S4,13,JUNK-I7,-0.060426648762474444,0
56,12,1,RAND,9,DELAY,-3.619739371929075,1
56,13,2,LOCAL_RESOURCE,18,MOVE_S,3.1768547624134036,1
56,14,3,SELF_ENERGY,18,MOVE_S,0.04443494979705191,1
56,15,5,JUNK-S5,14,ACTION_Y,-2.904629657887509,0
56,16,4,JUNK-S4,17,MOVE_N,-3.880977813043611,0
56,17,5,JUNK-S5,8,CLAMP,1.4482863856929227,0
56,18,9,DELAY,13,JUNK-I7,-3.0812707907345804,0
56,19,10,THRESH,7,MUL,-2.5802789391766106,1
56,20,9,DELAY,17,MOVE_N,3.642445142979217,1
56,21,6,ADD,9,DELAY,-2.616534928434095,1
56,22,4,JUNK-S4,17,MOVE_N,-0.7470931119724112,0
56,23,7,MUL,18,MOVE_S,-3.608630634479812,1
56,24,4,JUNK-S4,14,ACTION_Y,1.955381939146092,0
56,25,11,JUNK-I5,10,THRESH,-3.8736533707693717,0
56,26,10,THRESH,19,MOVE_E,-3.1359599597155676,1
56,27,4,JUNK-S4,15,HARVEST,3.4379711294900357,0
56,28,3,SELF_ENERGY,13,JUNK-I7,2.7464217047639394,0
56,29,5,JUNK-S5,13,JUNK-I7,-0.9283730582598346,0
56,30,0,CONST,17,MOVE_N,-0.17517624439222387,1
56,31,0,CONST,6,ADD,0.7577135532700583,1
57,0,4,JUNK-S4,13,JUNK-I7,-2.974700155644398,0
57,1,6,ADD,19,MOVE_E,-3.3643604846339303,1
57,2,1,RAND,8,CLAMP,0.5709402752769555,1
57,3,4,JUNK-S4,19,MOVE_E,-1.7291787469100008,0
57,4,9,DELAY,18,MOVE_S,3.916501358073672,1
57,5,2,LOCAL_RESOURCE,8,CLAMP,3.934080019531846,1
57,6,8,CLAMP,8,CLAMP,-3.15378276924955,1
57,7,10,THRESH,8,CLAMP,1.3077791680654316,1
57,8,6,ADD,10,THRESH,-0.1685842463454085,1
57,9,10,THRESH,14,ACTION_Y,1.7638477736747338,1
57,10,5,JUNK-S5,13,JUNK-I7,2.736777855769524,0
57,11,5,JUNK-S5,8,CLAMP,-3.346781823175756,0
57,12,7,MUL,6,ADD,3.884273812067019,1
57,13,8,CLAMP,21,JUNK-A7,-2.6111636707663197,0
57,14,13,JUNK-I7,11,JUNK-I5,0.3077486495559557,0
57,15,8,CLAMP,15,HARVEST,1.0029602954191716,1
57,16,6,ADD,12,JUNK-I6,1.5248268074587237,0
57,17,11,JUNK-I5,13,JUNK-I7,2.348704489272744,0
57,18,6,ADD,16,REPRODUCE,0.8961455122531815,1
57,19,10,THRESH,17,MOVE_N,-0.14990691854609822,1
57,20,7,MUL,7,MUL,-0.6712851344340343,1
57,21,5,JUNK-S5,19,MOVE_E,0.8528092287972655,0
57,22,5,JUNK-S5,12,JUNK-I6,1.608081301309244,0
57,23,8,CLAMP,10,THRESH,-2.1051667836542864,1
57,24,1,RAND,21,JUNK-A7,1.8822595904416028,0
57,25,10,THRESH,16,REPRODUCE,3.5732291634876554,1
57,26,5,JUNK-S5,19,MOVE_E,2.480056154057436,0
57,27,11,JUNK-I5,18,MOVE_S,1.7741019928586688,0
57,28,0,CONST,15,HARVEST,3.051728873561815,1
57,29,8,CLAMP,17,MOVE_N,2.595049897762993,1
57,30,10,THRESH,18,MOVE_S,-3.084810937833796,1
57,31,1,RAND,20,MOVE_W,1.4517044587542345,1
58,0,12,JUNK-I6,12,JUNK-I6,3.8325144199957273,0
58,1,13,JUNK-I7,21,JUNK-A7,1.1047700430310983,0
58,2,1,RAND,16,REPRODUCE,3.7405926694540237,1
58,3,11,JUNK-I5,7,MUL,-1.9196142460402235,0
58,4,7,MUL,15,HARVEST,-3.6124149296548356,1
58,5,5,JUNK-S5,20,MOVE_W,1.6049073763237403,0
58,6,0,CONST,21,JUNK-A7,3.3729056672872098,0
58,7,3,SELF_ENERGY,17,MOVE_N,-0.826807458723716,1
58,8,0,CONST,16,REPRODUCE,-1.740043336283456,1
58,9,9,DELAY,11,JUNK-I5,-0.47584459974974824,0
58,10,4,JUNK-S4,17,MOVE_N,1.8982512894070254,0
58,11,5,JUNK-S5,14,ACTION_Y,0.520767845698416,0
58,12,1,RAND,7,MUL,-2.129703665272988,1
58,13,8,CLAMP,11,JUNK-I5,3.795770134586627,0
58,14,5,JUNK-S5,9,DELAY,-0.12305063020722068,0
58,15,7,MUL,14,ACTION_Y,-1.0688802758873257,1
58,16,1,RAND,11,JUNK-I5,-1.0406811731315042,0
58,17,2,LOCAL_RESOURCE,7,MUL,-0.8347422711874752,1
58,18,10,THRESH,9,DELAY,-1.7511520737327189,1
58,19,2,LOCAL_RESOURCE,17,MOVE_N,-0.4483779412213508,1
58,20,11,JUNK-I5,20,MOVE_W,-0.2696615497299112,0
58,21,11,JUNK-I5,10,THRESH,-1.4110538041322063,0
58,22,10,THRESH,6,ADD,-3.661488692892239,1
58,23,10,THRESH,6,ADD,-1.1766716513565478,1
58,24,6,ADD,6,ADD,0.4483779412213508,1
58,25,8,CLAMP,13,JUNK-I7,2.978972746971038,0
58,26,5,JUNK-S5,13,JUNK-I7,2.083437604907376,0
58,27,1,RAND,16,REPRODUCE,1.5087130344553972,1
58,28,9,DELAY,21,JUNK-A7,1.6542252876369519,0
58,29,12,JUNK-I6,19,MOVE_E,3.883175145725883,0
58,30,8,CLAMP,20,MOVE_W,-1.1499374370555742,1
58,31,6,ADD,19,MOVE_E,-1.9856563005462813,1
59,0,13,JUNK-I7,14,ACTION_Y,-3.7989440595721304,0
59,1,7,MUL,16,REPRODUCE,-0.061037018951994385,1
59,2,7,MUL,20,MOVE_W,-1.4506057924130986,1
59,3,4,JUNK-S4,21,JUNK-A7,1.3287759025849177,0
59,4,0,CONST,10,THRESH,0.8546403393658254,1
59,5,6,ADD,8,CLAMP,3.76281014435255,1
59,6,2,LOCAL_RESOURCE,10,THRESH,-0.6560258796960357,1
59,7,9,DELAY,18,MOVE_S,-2.860072634052553,1
59,8,8,CLAMP,17,MOVE_N,-3.9377422406689657,1
59,9,7,MUL,20,MOVE_W,-3.9516586809900205,1
59,10,4,JUNK-S4,19,MOVE_E,-1.5052949613940856,0
59,11,5,JUNK-S5,15,HARVEST,0.17859431745353557,0
59,12,9,DELAY,14,ACTION_Y,-3.648304696798608,1
59,13,13,JUNK-I7,6,ADD,-1.4507278664510026,0
59,14,5,JUNK-S5,19,MOVE_E,2.89242225409711,0
59,15,12,JUNK-I6,18,MOVE_S,2.2870571001312294,0
59,16,1,RAND,19,MOVE_E,-0.28431043427838987,1
59,17,9,DELAY,15,HARVEST,1.206579790643025,1
59,18,4,JUNK-S4,10,THRESH,-3.0785851619006928,0
59,19,3,SELF_ENERGY,21,JUNK-A7,2.0028687398907437,0
59,20,0,CONST,8,CLAMP,0.9706106753746147,1
59,21,4,JUNK-S4,13,JUNK-I7,-1.6703390606402784,0
59,22,4,JUNK-S4,21,JUNK-A7,1.7932676168095951,0
59,23,8,CLAMP,7,MUL,0.9226355784783471,1
59,24,3,SELF_ENERGY,15,HARVEST,2.827478865932188,1
59,25,2,LOCAL_RESOURCE,9,DELAY,-1.0017395550401318,1
59,26,12,JUNK-I6,14,ACTION_Y,-2.083803827021088,0
59,27,11,JUNK-I5,17,MOVE_N,-2.803430280465102,0
59,28,0,CONST,9,DELAY,2.151676992095706,1
59,29,13,JUNK-I7,14,ACTION_Y,2.389355143894772,0
59,30,3,SELF_ENERGY,18,MOVE_S,3.357646412549211,1
59,31,13,JUNK-I7,10,THRESH,-2.7218848231452375,0
60,0,0,CONST,6,ADD,2.7991576891384624,1
60,1,13,JUNK-I7,12,JUNK-I6,-2.479201635792108,0
60,2,10,THRESH,8,CLAMP,1.3176671651356548,1
60,3,8,CLAMP,19,MOVE_E,2.453932309945982,1
60,4,2,LOCAL_RESOURCE,18,MOVE_S,0.9411908322397534,1
60,5,7,MUL,10,THRESH,-3.9768059327982423,1
60,6,7,MUL,21,JUNK-A7,2.369945371868038,0
60,7,5,JUNK-S5,8,CLAMP,2.8108767967772454,0
60,8,9,DELAY,11,JUNK-I5,2.4389172032837916,0
60,9,11,JUNK-I5,14,ACTION_Y,-3.359965819269387,0
60,10,12,JUNK-I6,10,THRESH,3.47422711874752,0
60,11,7,MUL,15,HARVEST,2.173650318918424,1
60,12,4,JUNK-S4,21,JUNK-A7,-3.425031281472213,0
60,13,4,JUNK-S4,10,THRESH,-0.23633533738212226,0
60,14,1,RAND,8,CLAMP,1.3303628650776695,1
60,15,12,JUNK-I6,11,JUNK-I5,-1.1996215704824977,0
60,16,5,JUNK-S5,19,MOVE_E,3.869991149632252,0
60,17,1,RAND,6,ADD,-2.3093966490676596,1
60,18,10,THRESH,8,CLAMP,0.8658711508529924,1
60,19,1,RAND,14,ACTION_Y,2.4085207678456984,1
60,20,10,THRESH,15,HARVEST,-0.07226783043916135,1
60,21,13,JUNK-I7,12,JUNK-I6,-3.5276955473494676,0
60,22,8,CLAMP,8,CLAMP,-2.030823694570757,1
60,23,6,ADD,12,JUNK-I6,2.2969450972014527,0
60,24,5,JUNK-S5,14,ACTION_Y,-1.7456587420270393,0
60,25,7,MUL,17,MOVE_N,-2.0700094607379373,1
60,26,2,LOCAL_RESOURCE,14,ACTION_Y,3.8118839075899533,1
60,27,0,CONST,14,ACTION_Y,2.3165990173039948,1
60,28,0,CONST,14,ACTION_Y,-1.9692983794671468,1
60,29,10,THRESH,21,JUNK-A7,2.6575518051698355,0
60,30,7,MUL,11,JUNK-I5,0.9508346812341685,0
60,31,2,LOCAL_RESOURCE,11,JUNK-I5,3.695669423505356,0
61,0,6,ADD,9,DELAY,-0.36426892910550246,1
61,1,11,JUNK-I5,20,MOVE_W,-0.770775475325785,0
61,2,12,JUNK-I6,18,MOVE_S,-2.975310525833918,0
61,3,5,JUNK-S5,19,MOVE_E,-0.31812494277779474,0
61,4,7,MUL,21,JUNK-A7,-2.717123935666982,0
61,5,0,CONST,16,REPRODUCE,0.5595873897518845,1
61,6,12,JUNK-I6,14,ACTION_Y,3.577623828852199,0
61,7,13,JUNK-I7,7,MUL,-0.576555681020539,0
61,8,6,ADD,16,REPRODUCE,-3.444807275612659,1
61,9,6,ADD,11,JUNK-I5,-1.5939207129123814,0
61,10,9,DELAY,10,THRESH,-3.827753532517472,1
61,11,3,SELF_ENERGY,20,MOVE_W,1.705984679708243,1
61,12,8,CLAMP,11,JUNK-I5,3.4730063783684804,0
61,13,0,CONST,9,DELAY,-2.1825617236854153,1
61,14,0,CONST,8,CLAMP,1.487350077822199,1
61,15,9,DELAY,10,THRESH,1.8832361827448347,1
61,16,1,RAND,15,HARVEST,0.8844264046143986,1
61,17,13,JUNK-I7,19,MOVE_E,0.7114474929044465,0
61,18,10,THRESH,10,THRESH,-0.5583666493728446,1
61,19,3,SELF_ENERGY,13,JUNK-I7,1.6490981780449843,0
61,20,8,CLAMP,9,DELAY,2.3515121921445354,1
61,21,13,JUNK-I7,10,THRESH,-1.5510727256080814,0
61,22,8,CLAMP,14,ACTION_Y,-3.0627155369731742,1
61,23,2,LOCAL_RESOURCE,9,DELAY,3.0741904965361493,1
61,24,9,DELAY,12,JUNK-I6,-0.6727500228888821,0
61,25,11,JUNK-I5,6,ADD,-0.5611743522446364,0
61,26,1,RAND,13,JUNK-I7,-1.5183568834498122,0
61,27,5,JUNK-S5,10,THRESH,2.436964018677328,0
61,28,10,THRESH,10,THRESH,2.410473952452162,1
61,29,10,THRESH,13,JUNK-I7,2.8747215186010315,0
61,30,2,LOCAL_RESOURCE,15,HARVEST,-1.9420758690145574,1
61,31,5,JUNK-S5,7,MUL,0.7846919156468398,0
62,0,4,JUNK-S4,21,JUNK-A7,3.083956419568468,0
62,1,12,JUNK-I6,9,DELAY,1.2566301461836604,0
62,2,12,JUNK-I6,7,MUL,-3.7658619953001495,0
62,3,11,JUNK-I5,15,HARVEST,1.8324533829767755,0
62,4,1,RAND,7,MUL,3.1431623279519028,1
62,5,10,THRESH,13,JUNK-I7,-2.641071810052797,0
62,6,10,THRESH,6,ADD,2.281075472273934,1
62,7,7,MUL,21,JUNK-A7,-3.194677571947386,0
62,8,3,SELF_ENERGY,10,THRESH,2.52424695577868,1
62,9,2,LOCAL_RESOURCE,8,CLAMP,-2.3537095248268076,1
62,10,0,CONST,20,MOVE_W,2.0233771782586136,1
62,11,1,RAND,12,JUNK-I6,1.6753440961943418,0
62,12,2,LOCAL_RESOURCE,21,JUNK-A7,0.23902096621601002,0
62,13,2,LOCAL_RESOURCE,7,MUL,3.4183172093874936,1
62,14,8,CLAMP,21,JUNK-A7,-1.3350016785180212,0
62,15,2,LOCAL_RESOURCE,19,MOVE_E,-0.5583666493728446,1
62,16,7,MUL,10,THRESH,-1.2932523575548571,1
62,17,3,SELF_ENERGY,13,JUNK-I7,-3.835077974791711,0
62,18,10,THRESH,16,REPRODUCE,-3.717886898403882,1
62,19,8,CLAMP,6,ADD,1.5454573198644979,1
62,20,12,JUNK-I6,15,HARVEST,2.839442121646779,0
62,21,8,CLAMP,19,MOVE_E,3.4008606219672233,1
62,22,7,MUL,17,MOVE_N,-1.957823419904172,1
62,23,10,THRESH,8,CLAMP,-0.6866664632099369,1
62,24,4,JUNK-S4,12,JUNK-I6,-2.5413373210852384,0
62,25,12,JUNK-I6,20,MOVE_W,3.1579332865382854,0
62,26,13,JUNK-I7,13,JUNK-I7,-0.17786187322611163,0
62,27,4,JUNK-S4,10,THRESH,-0.6488235114597003,0
62,28,2,LOCAL_RESOURCE,11,JUNK-I5,3.23886837366863,0
62,29,8,CLAMP,18,MOVE_S,1.9752800073244423,1
62,30,0,CONST,9,DELAY,-1.5561998352000488,1
62,31,8,CLAMP,7,MUL,2.9832453382976776,1
63,0,5,JUNK-S5,12,JUNK-I6,1.2776268807031466,0
63,1,10,THRESH,14,ACTION_Y,0.23401593066194648,1
63,2,5,JUNK-S5,17,MOVE_N,1.121127964110233,0
63,3,12,JUNK-I6,20,MOVE_W,-1.0146794030579547,0
63,4,6,ADD,18,MOVE_S,3.28293710135197,1
63,5,12,JUNK-I6,15,HARVEST,2.3310037537766655,0
63,6,11,JUNK-I5,10,THRESH,2.97567674794763,0
63,7,8,CLAMP,10,THRESH,-3.4003723258156073,1
63,8,2,LOCAL_RESOURCE,18,MOVE_S,3.2221442304757835,1
63,9,6,ADD,12,JUNK-I6,-0.3241065706350902,0
63,10,10,THRESH,10,THRESH,-1.7782525101474045,1
63,11,6,ADD,10,THRESH,-2.444166386913663,1
63,12,13,JUNK-I7,10,THRESH,-0.6728720969267861,0
63,13,4,JUNK-S4,7,MUL,3.993163853877377,0
63,14,0,CONST,19,MOVE_E,-0.6500442518387402,1
63,15,9,DELAY,17,MOVE_N,-3.107516708883938,1
63,16,4,JUNK-S4,8,CLAMP,-3.3867000335703605,0
63,17,4,JUNK-S4,10,THRESH,3.775261696218757,0
63,18,13,JUNK-I7,9,DELAY,-1.0559404278695028,0
63,19,13,JUNK-I7,15,HARVEST,-0.9441206091494492,0
63,20,11,JUNK-I5,21,JUNK-A7,3.5607776116214485,0
63,21,5,JUNK-S5,20,MOVE_W,3.2791528061769464,0
63,22,10,THRESH,8,CLAMP,-0.5307779168065432,1
63,23,8,CLAMP,6,ADD,1.1178319650868251,1
63,24,6,ADD,21,JUNK-A7,-1.4097109897152622,0
63,25,0,CONST,13,JUNK-I7,-3.4590899380474256,0
63,26,6,ADD,19,MOVE_E,-1.608935819574572,1
63,27,7,MUL,15,HARVEST,0.9028595843379009,1
63,28,0,CONST,16,REPRODUCE,-1.6332285531174657,1
63,29,1,RAND,17,MOVE_N,2.5154576250495926,1
63,30,5,JUNK-S5,21,JUNK-A7,-2.9373455000457778,0
63,31,13,JUNK-I7,12,JUNK-I6,-1.0657063509018219,0
64,0,4,JUNK-S4,15,HARVEST,-3.7774590289010286,0
64,1,2,LOCAL_RESOURCE,17,MOVE_N,-0.7049775688955351,1
64,2,4,JUNK-S4,16,REPRODUCE,-1.2899563585314493,0
64,3,3,SELF_ENERGY,12,JUNK-I6,0.06567583239234595,0
64,4,0,CONST,11,JUNK-I5,-0.6135441145054475,0
64,5,12,JUNK-I6,14,ACTION_Y,2.057802056947539,0
64,6,7,MUL,10,THRESH,3.084444715720084,1
64,7,0,CONST,21,JUNK-A7,3.0357371745963926,0
64,8,4,JUNK-S4,14,ACTION_Y,2.083437604907376,0
64,9,5,JUNK-S5,7,MUL,3.6384166997283853,0
64,10,9,DELAY,21,JUNK-A7,1.2771385845515304,0
64,11,8,CLAMP,10,THRESH,-3.205175939207129,1
64,12,2,LOCAL_RESOURCE,21,JUNK-A7,-3.4920499282815025,0
64,13,2,LOCAL_RESOURCE,11,JUNK-I5,-3.1995605334635457,0
64,14,1,RAND,12,JUNK-I6,-2.511062959685049,0
64,15,11,JUNK-I5,20,MOVE_W,2.596026490066225,0
64,16,3,SELF_ENERGY,21,JUNK-A7,1.0603350932340465,0
64,17,13,JUNK-I7,10,THRESH,-0.7403790398876919,0
64,18,12,JUNK-I6,6,ADD,-2.8949858088930935,0
64,19,6,ADD,16,REPRODUCE,-0.9122592852565081,1
64,20,7,MUL,21,JUNK-A7,-1.6807153538621173,0
64,21,9,DELAY,6,ADD,-3.6009399700918605,1
64,22,0,CONST,12,JUNK-I6,-0.5648365733817561,0
64,23,12,JUNK-I6,17,MOVE_N,-2.6754966887417218,0
64,24,6,ADD,18,MOVE_S,1.761772515030366,1
64,25,2,LOCAL_RESOURCE,17,MOVE_N,3.3624073000274666,1
64,26,9,DELAY,9,DELAY,0.5611743522446364,1
64,27,4,JUNK-S4,14,ACTION_Y,-1.153721732230598,0
64,28,7,MUL,18,MOVE_S,1.4742881557664724,1
64,29,12,JUNK-I6,14,ACTION_Y,3.617175817133091,0
64,30,6,ADD,13,JUNK-I7,-0.5119785149693289,0
64,31,3,SELF_ENERGY,19,MOVE_E,2.378124332407605,1
65,0,11,JUNK-I5,13,JUNK-I7,-0.6245307779168066,0
65,1,11,JUNK-I5,11,JUNK-I5,-0.24597918637653737,0
65,2,9,DELAY,19,MOVE_E,-1.9093600268562883,1
65,3,1,RAND,6,ADD,-2.3682363353373823,1
65,4,3,SELF_ENERGY,13,JUNK-I7,-3.6138798181096834,0
65,5,9,DELAY,16,REPRODUCE,-1.75945310831019,1
65,6,9,DELAY,19,MOVE_E,0.837061677907651,1
65,7,4,JUNK-S4,8,CLAMP,3.3856013672292247,0
65,8,7,MUL,11,JUNK-I5,0.4964751121555223,0
65,9,5,JUNK-S5,16,REPRODUCE,3.351908932767724,0
65,10,12,JUNK-I6,12,JUNK-I6,-2.98055970946379,0
65,11,3,SELF_ENERGY,21,JUNK-A7,0.4359263893551439,0
65,12,4,JUNK-S4,12,JUNK-I6,1.8991058076723533,0
65,13,5,JUNK-S5,13,JUNK-I7,3.4697103793450728,0
65,14,3,SELF_ENERGY,10,THRESH,2.326975310525834,1
65,15,3,SELF_ENERGY,9,DELAY,-1.6033204138309884,1
65,16,12,JUNK-I6,21,JUNK-A7,-2.513382366405225,0
65,17,13,JUNK-I7,17,MOVE_N,-2.3744621112704856,0
65,18,4,JUNK-S4,12,JUNK-I6,0.7483138523514512,0
65,19,7,MUL,12,JUNK-I6,-1.6075930051576282,0
65,20,13,JUNK-I7,14,ACTION_Y,0.034180730613116855,0
65,21,7,MUL,20,MOVE_W,-1.9977416302987763,1
65,22,11,JUNK-I5,8,CLAMP,-1.2565080721457564,0
65,23,10,THRESH,10,THRESH,0.5982848597674489,1
65,24,4,JUNK-S4,13,JUNK-I7,0.8921170690023499,0
65,25,12,JUNK-I6,17,MOVE_N,-1.0784020508438368,0
65,26,4,JUNK-S4,9,DELAY,-0.3294778283028657,0
65,27,10,THRESH,7,MUL,-0.5908383434553056,1
65,28,9,DELAY,11,JUNK-I5,2.730063783684805,0
65,29,6,ADD,14,ACTION_Y,2.507766960661641,1
65,30,10,THRESH,11,JUNK-I5,0.9724417859431745,0
65,31,13,JUNK-I7,9,DELAY,-1.3782158879360331,0
66,0,3,SELF_ENERGY,16,REPRODUCE,-3.9704580828272347,1
66,1,11,JUNK-I5,11,JUNK-I5,-2.4969023712881864,0
66,2,13,JUNK-I7,11,JUNK-I5,-1.9213232825708793,0
66,3,0,CONST,14,ACTION_Y,0.3182470168156987,1
66,4,5,JUNK-S5,14,ACTION_Y,-3.1044648579363385,0
66,5,7,MUL,18,MOVE_S,3.056367687002167,1
66,6,7,MUL,10,THRESH,0.17957090975676748,1
66,7,2,LOCAL_RESOURCE,12,JUNK-I6,0.4943998535111545,0
66,8,7,MUL,11,JUNK-I5,1.781670583208716,0
66,9,4,JUNK-S4,20,MOVE_W,-3.2408215582750937,0
66,10,3,SELF_ENERGY,13,JUNK-I7,0.9990539262062441,0
66,11,10,THRESH,14,ACTION_Y,-0.11438337351603747,1
66,12,2,LOCAL_RESOURCE,13,JUNK-I7,2.974700155644398,0
66,13,0,CONST,8,CLAMP,-1.7244178594317454,1
66,14,4,JUNK-S4,6,ADD,-2.946256904812769,0
66,15,12,JUNK-I6,7,MUL,-2.1026032288583028,0
66,16,12,JUNK-I6,16,REPRODUCE,-1.3224280526139103,0
66,17,4,JUNK-S4,19,MOVE_E,-0.09411908322397534,0
66,18,10,THRESH,18,MOVE_S,-3.025605029450362,1
66,19,12,JUNK-I6,6,ADD,1.3894466994232002,0
66,20,3,SELF_ENERGY,10,THRESH,1.208044679097873,1
66,21,0,CONST,20,MOVE_W,2.9623706778160956,1
66,22,11,JUNK-I5,21,JUNK-A7,-3.8648640400402843,0
66,23,10,THRESH,15,HARVEST,2.063539536729026,1
66,24,3,SELF_ENERGY,11,JUNK-I5,2.2208929715872676,0
66,25,1,RAND,21,JUNK-A7,1.749565111239967,0
66,26,13,JUNK-I7,8,CLAMP,2.65279091769158,0
66,27,1,RAND,12,JUNK-I6,-0.15686513870662558,0
66,28,2,LOCAL_RESOURCE,16,REPRODUCE,-2.641926328318125,1
66,29,4,JUNK-S4,18,MOVE_S,3.6323129978331856,0
66,30,7,MUL,11,JUNK-I5,2.4856715598010193,0
66,31,8,CLAMP,14,ACTION_Y,-2.915860469374676,1
67,0,11,JUNK-I5,19,MOVE_E,0.9671926023133031,0
67,1,10,THRESH,19,MOVE_E,0.9873348185674612,1
67,2,7,MUL,6,ADD,0.684102908413953,1
67,3,9,DELAY,15,HARVEST,3.3873104037598805,1
67,4,9,DELAY,16,REPRODUCE,2.3510238959929195,1
67,5,11,JUNK-I5,13,JUNK-I7,2.7987914670247505,0
67,6,2,LOCAL_RESOURCE,13,JUNK-I7,0.5156407361064486,0
67,7,0,CONST,13,JUNK-I7,0.8895535142063662,0
67,8,12,JUNK-I6,16,REPRODUCE,-2.7792596209601124,0
67,9,6,ADD,17,MOVE_N,-3.6551408429212318,1
67,10,13,JUNK-I7,19,MOVE_E,-0.20508438367870113,0
67,11,1,RAND,10,THRESH,2.122623371074557,1
67,12,7,MUL,8,CLAMP,-0.08984649189733573,1
67,13,1,RAND,7,MUL,-3.5401470992156745,1
67,14,2,LOCAL_RESOURCE,11,JUNK-I5,2.6372875148777735,0
67,15,10,THRESH,12,JUNK-I6,-3.5025482955412457,0
67,16,7,MUL,6,ADD,-1.9424420911282694,1
67,17,5,JUNK-S5,12,JUNK-I6,-2.219183935056612,0
67,18,1,RAND,9,DELAY,-2.9141514328440197,1
67,19,3,SELF_ENERGY,13,JUNK-I7,3.3867000335703605,0
67,20,7,MUL,16,REPRODUCE,3.109591967528306,1
67,21,7,MUL,18,MOVE_S,2.705893124179815,1
67,22,6,ADD,13,JUNK-I7,-0.7728507339701529,0
67,23,10,THRESH,7,MUL,0.12097537156285287,1
67,24,9,DELAY,8,CLAMP,0.4552140873439741,1
67,25,2,LOCAL_RESOURCE,8,CLAMP,-2.609088412121952,1
67,26,1,RAND,19,MOVE_E,-0.18213446455275123,1
67,27,2,LOCAL_RESOURCE,21,JUNK-A7,0.23413800469985047,0
67,28,7,MUL,16,REPRODUCE,-3.335673085726493,1
67,29,11,JUNK-I5,19,MOVE_E,1.4829554124576556,0
67,30,5,JUNK-S5,7,MUL,1.6100344859157079,0
67,31,3,SELF_ENERGY,12,JUNK-I6,0.32215338602862637,0
68,0,0,CONST,16,REPRODUCE,-2.9493087557603688,1
68,1,5,JUNK-S5,20,MOVE_W,-2.0379039887691883,0
68,2,5,JUNK-S5,17,MOVE_N,-3.8532670064394057,0
68,3,0,CONST,8,CLAMP,-0.062013611255226295,1
68,4,7,MUL,6,ADD,-0.24854274117252112,1
68,5,10,THRESH,19,MOVE_E,-1.3376873073519089,1
68,6,11,JUNK-I5,16,REPRODUCE,-3.4385814996795556,0
68,7,13,JUNK-I7,16,REPRODUCE,-0.8193609424115726,0
68,8,1,RAND,6,ADD,-1.5710928678243354,1
68,9,1,RAND,12,JUNK-I6,0.9773247474593341,0
68,10,1,RAND,17,MOVE_N,-0.33484908597064117,1
68,11,1,RAND,19,MOVE_E,-3.523911252174444,1
68,12,10,THRESH,13,JUNK-I7,-0.793359172338023,0
68,13,9,DELAY,14,ACTION_Y,-3.4333323160496843,1
68,14,2,LOCAL_RESOURCE,15,HARVEST,2.6670735801263468,1
68,15,0,CONST,8,CLAMP,1.6157719656971954,1
68,16,2,LOCAL_RESOURCE,17,MOVE_N,-1.205847346415601,1
68,17,1,RAND,16,REPRODUCE,0.8219244972075563,1
68,18,2,LOCAL_RESOURCE,8,CLAMP,0.31250953703421125,1
68,19,13,JUNK-I7,10,THRESH,-2.705648976104007,0
68,20,5,JUNK-S5,10,THRESH,1.3928647724845118,0
68,21,0,CONST,10,THRESH,-3.555772576067385,1
68,22,1,RAND,7,MUL,-3.9974364452040163,1
68,23,3,SELF_ENERGY,10,THRESH,-1.3070467238380077,1
68,24,10,THRESH,18,MOVE_S,2.217719046601764,1
68,25,9,DELAY,13,JUNK-I7,-1.6234626300851467,0
68,26,8,CLAMP,18,MOVE_S,-3.2729270302438427,1
68,27,2,LOCAL_RESOURCE,10,THRESH,2.055604724265267,1
68,28,13,JUNK-I7,16,REPRODUCE,-2.3562730796227913,0
68,29,3,SELF_ENERGY,7,MUL,1.7589648121585741,1
68,30,3,SELF_ENERGY,16,REPRODUCE,-2.172673726615192,1
68,31,7,MUL,19,MOVE_E,-0.5619067964720603,1
69,0,11,JUNK-I5,10,THRESH,2.6228827784051028,0
69,1,0,CONST,8,CLAMP,-2.5404828028199105,1
69,2,7,MUL,12,JUNK-I6,-2.0271614734336376,0
69,3,9,DELAY,15,HARVEST,1.0464186529129917,1
69,4,0,CONST,8,CLAMP,3.4385814996795556,1
69,5,3,SELF_ENERGY,7,MUL,1.58745078890347,1
69,6,8,CLAMP,20,MOVE_W,-2.457106234931486,1
69,7,5,JUNK-S5,19,MOVE_E,0.16223639637440107,0
69,8,1,RAND,8,CLAMP,1.3507492294076358,1
69,9,4,JUNK-S4,7,MUL,-0.565691091647084,0
69,10,11,JUNK-I5,6,ADD,-1.043488876003296,0
69,11,9,DELAY,12,JUNK-I6,0.9732963042085024,0
69,12,0,CONST,16,REPRODUCE,-1.2932523575548571,1
69,13,7,MUL,19,MOVE_E,-0.5962096011230812,1
69,14,13,JUNK-I7,12,JUNK-I6,-1.6591082491531113,0
69,15,7,MUL,15,HARVEST,3.337015900143437,1
69,16,0,CONST,13,JUNK-I7,1.2287972655415509,0
69,17,8,CLAMP,16,REPRODUCE,1.1648304696798608,1
69,18,13,JUNK-I7,13,JUNK-I7,-0.7640614032410658,0
69,19,11,JUNK-I5,21,JUNK-A7,0.8883327738273262,0
69,20,7,MUL,19,MOVE_E,-2.672933133945738,1
69,21,3,SELF_ENERGY,20,MOVE_W,-0.47791985839411605,1
69,22,0,CONST,13,JUNK-I7,-1.4177678762169255,0
69,23,10,THRESH,6,ADD,-2.030823694570757,1
69,24,2,LOCAL_RESOURCE,19,MOVE_E,-0.029175695059053316,1
69,25,9,DELAY,12,JUNK-I6,-2.32624286629841,0
69,26,0,CONST,9,DELAY,-3.5230567339091157,1
69,27,4,JUNK-S4,20,MOVE_W,-3.204077272865993,0
69,28,5,JUNK-S5,15,HARVEST,-3.042451246681112,0
69,29,3,SELF_ENERGY,13,JUNK-I7,-1.846613971373638,0
69,30,0,CONST,16,REPRODUCE,-1.8178044984282968,1
69,31,2,LOCAL_RESOURCE,17,MOVE_N,-2.6878261665700247,1
70,0,12,JUNK-I6,20,MOVE_W,0.5450605792413099,0
70,1,1,RAND,20,MOVE_W,-2.7332377086703086,1
70,2,5,JUNK-S5,8,CLAMP,1.7487105929746392,0
70,3,9,DELAY,9,DELAY,3.475936155278176,1
70,4,6,ADD,17,MOVE_N,-0.14221625415814693,1
70,5,6,ADD,10,THRESH,0.6992400891140477,1
70,6,11,JUNK-I5,11,JUNK-I5,1.6333506271553697,0
70,7,10,THRESH,12,JUNK-I6,1.522019104586932,0
70,8,4,JUNK-S4,14,ACTION_Y,-0.6059755241554002,0
70,9,5,JUNK-S5,13,JUNK-I7,-0.15869624927518539,0
70,10,9,DELAY,19,MOVE_E,1.4919888912625507,1
70,11,1,RAND,20,MOVE_W,0.0034180730613116855,1
70,12,13,JUNK-I7,20,MOVE_W,2.7437360759300518,0
70,13,11,JUNK-I5,19,MOVE_E,0.41871395001068146,0
70,14,6,ADD,18,MOVE_S,0.7191381572923978,1
70,15,4,JUNK-S4,12,JUNK-I6,1.5719473860896633,0
70,16,7,MUL,11,JUNK-I5,-0.20056764427625354,0
70,17,9,DELAY,11,JUNK-I5,1.6913357951597643,0
70,18,8,CLAMP,16,REPRODUCE,-3.312967314676351,1
70,19,8,CLAMP,13,JUNK-I7,-2.2796105838190863,0
70,20,8,CLAMP,13,JUNK-I7,2.9067049165318766,0
70,21,9,DELAY,21,JUNK-A7,-3.774651326029237,0
70,22,10,THRESH,15,HARVEST,-3.7131260109256266,1
70,23,5,JUNK-S5,7,MUL,3.7850276192510757,0
70,24,6,ADD,18,MOVE_S,3.5504013183996093,1
70,25,12,JUNK-I6,7,MUL,-1.8303781243324075,0
70,26,6,ADD,11,JUNK-I5,0.5360271004364147,0
70,27,1,RAND,8,CLAMP,-2.775719473860897,1
70,28,13,JUNK-I7,16,REPRODUCE,3.943235572374645,0
70,29,1,RAND,19,MOVE_E,1.7019562364574115,1
70,30,5,JUNK-S5,10,THRESH,-0.35023041474654376,0
70,31,9,DELAY,12,JUNK-I6,-1.8296456801049836,0
71,0,7,MUL,21,JUNK-A7,-0.08520767845698415,0
71,1,7,MUL,19,MOVE_E,0.5808282723471786,1
71,2,4,JUNK-S4,17,MOVE_N,0.6507766960661642,0
71,3,12,JUNK-I6,8,CLAMP,1.5756096072267831,0
71,4,2,LOCAL_RESOURCE,11,JUNK-I5,-2.2331003753776666,0
71,5,3,SELF_ENERGY,18,MOVE_S,-1.0715659047212134,1
71,6,9,DELAY,13,JUNK-I7,0.15735343485824152,0
71,7,3,SELF_ENERGY,19,MOVE_E,1.2772606585894344,1
71,8,2,LOCAL_RESOURCE,20,MOVE_W,2.302804651020844,1
71,9,3,SELF_ENERGY,13,JUNK-I7,-2.0596331675160986,0
71,10,1,RAND,18,MOVE_S,2.357615894039735,1
71,11,9,DELAY,17,MOVE_N,3.3166295358134708,1
71,12,0,CONST,7,MUL,-0.4401989806817835,1
71,13,13,JUNK-I7,19,MOVE_E,0.15234839930417798,0
71,14,5,JUNK-S5,18,MOVE_S,-1.7904599139378032,0
71,15,2,LOCAL_RESOURCE,9,DELAY,-3.725089266640217,1
71,16,6,ADD,6,ADD,-1.901913510544145,1
71,17,13,JUNK-I7,6,ADD,1.0655842768639179,0
71,18,6,ADD,21,JUNK-A7,-0.9203161717581714,0
71,19,1,RAND,8,CLAMP,1.5847651600695822,1
71,20,11,JUNK-I5,20,MOVE_W,-2.087954344309824,0
71,21,9,DELAY,16,REPRODUCE,2.0286263618884854,1
71,22,2,LOCAL_RESOURCE,8,CLAMP,0.18750572222052675,1
71,23,8,CLAMP,18,MOVE_S,-0.9120151371807,1
71,24,5,JUNK-S5,7,MUL,-1.2095095675527208,0
71,25,7,MUL,12,JUNK-I6,0.6330759605700857,0
71,26,12,JUNK-I6,16,REPRODUCE,-0.9149449140903958,0
71,27,9,DELAY,19,MOVE_E,2.055116428113651,1
71,28,0,CONST,10,THRESH,-1.317056794946135,1
71,29,3,SELF_ENERGY,21,JUNK-A7,-0.554704428235725,0
71,30,12,JUNK-I6,12,JUNK-I6,2.3565172276985993,0
71,31,11,JUNK-I5,11,JUNK-I5,0.7840815454573199,0
72,0,0,CONST,12,JUNK-I6,-2.1674245429853207,0
72,1,9,DELAY,20,MOVE_W,-3.769035920285653,1
72,2,9,DELAY,7,MUL,-2.62800988799707,1
72,3,9,DELAY,6,ADD,-3.6823633533738214,1
72,4,12,JUNK-I6,18,MOVE_S,-2.8735007782219917,0
72,5,10,THRESH,19,MOVE_E,0.29651783806878873,1
72,6,4,JUNK-S4,21,JUNK-A7,-1.5516830957976013,0
72,7,1,RAND,21,JUNK-A7,2.8608050782799768,0
72,8,2,LOCAL_RESOURCE,18,MOVE_S,0.4275032807397687,1
72,9,4,JUNK-S4,6,ADD,3.6824854274117254,0
72,10,2,LOCAL_RESOURCE,20,MOVE_W,2.3007293923764762,1
72,11,2,LOCAL_RESOURCE,10,THRESH,-1.9850459303567614,1
72,12,0,CONST,16,REPRODUCE,1.955748161259804,1
72,13,5,JUNK-S5,9,DELAY,-2.6595049897762992,0
72,14,0,CONST,11,JUNK-I5,-0.44386120181890315,0
72,15,2,LOCAL_RESOURCE,18,MOVE_S,0.3730582598345897,1
72,16,8,CLAMP,17,MOVE_N,3.1246070741904965,1
72,17,13,JUNK-I7,17,MOVE_N,-3.088229010895108,0
72,18,8,CLAMP,15,HARVEST,-2.8442030091250343,1
72,19,13,JUNK-I7,12,JUNK-I6,0.9360637226477859,0
72,20,4,JUNK-S4,12,JUNK-I6,0.06274605548265022,0
72,21,5,JUNK-S5,15,HARVEST,-3.84728537858211,0
72,22,2,LOCAL_RESOURCE,17,MOVE_N,-0.271736808374279,1
72,23,9,DELAY,13,JUNK-I7,1.1976683858760337,0
72,24,6,ADD,14,ACTION_Y,2.243110446485794,1
72,25,2,LOCAL_RESOURCE,7,MUL,-3.5291604358043154,1
72,26,8,CLAMP,13,JUNK-I7,0.6605426190984832,0
72,27,9,DELAY,11,JUNK-I5,-1.032380138554033,0
72,28,8,CLAMP,18,MOVE_S,-0.6114688558610798,1
72,29,0,CONST,14,ACTION_Y,3.0403759880367445,1
72,30,2,LOCAL_RESOURCE,9,DELAY,0.14185003204443494,1
72,31,2,LOCAL_RESOURCE,16,REPRODUCE,-0.6338084047975097,1
73,0,4,JUNK-S4,19,MOVE_E,2.1826837977233193,0
73,1,1,RAND,19,MOVE_E,-3.204321420941801,1
73,2,2,LOCAL_RESOURCE,20,MOVE_W,0.67360454115421,1
73,3,2,LOCAL_RESOURCE,15,HARVEST,-3.793450727866451,1
73,4,8,CLAMP,21,JUNK-A7,0.8417004913480025,0
73,5,6,ADD,18,MOVE_S,0.40748313852351453,1
73,6,0,CONST,10,THRESH,3.5729850154118474,1
73,7,11,JUNK-I5,11,JUNK-I5,1.76006347849971,0
73,8,13,JUNK-I7,9,DELAY,-2.488357188634907,0
73,9,6,ADD,8,CLAMP,1.955992309335612,1
73,10,3,SELF_ENERGY,16,REPRODUCE,-1.6384777367473373,1
73,11,6,ADD,9,DELAY,1.4569536423841059,1
73,12,5,JUNK-S5,7,MUL,-3.736686300241096,0
73,13,0,CONST,8,CLAMP,3.089938047425764,1
73,14,7,MUL,20,MOVE_W,3.4189275795770135,1
73,15,6,ADD,15,HARVEST,2.010193182164983,1
73,16,3,SELF_ENERGY,18,MOVE_S,1.2300180059205907,1
73,17,3,SELF_ENERGY,8,CLAMP,2.054261909848323,1
73,18,4,JUNK-S4,7,MUL,0.09753715628528703,0
73,19,5,JUNK-S5,6,ADD,-1.7739799188207648,0
73,20,7,MUL,6,ADD,-2.007385479293191,1
73,21,9,DELAY,11,JUNK-I5,0.4792626728110599,0
73,22,0,CONST,12,JUNK-I6,-1.075716422009949,0
73,23,11,JUNK-I5,12,JUNK-I6,-2.5794244209112827,0
73,24,6,ADD,18,MOVE_S,-2.401928769798883,1
73,25,1,RAND,8,CLAMP,2.2123477889339886,1
73,26,2,LOCAL_RESOURCE,20,MOVE_W,0.7997070223090305,1
73,27,9,DELAY,7,MUL,1.2204962309640797,1
73,28,3,SELF_ENERGY,9,DELAY,1.740287484359264,1
73,29,11,JUNK-I5,21,JUNK-A7,2.693075350199896,0
73,30,12,JUNK-I6,15,HARVEST,2.8764305551316873,0
73,31,5,JUNK-S5,21,JUNK-A7,-1.2644428846095157,0
74,0,12,JUNK-I6,10,THRESH,-0.2667317728202155,0
74,1,0,CONST,11,JUNK-I5,3.4848475600451674,0
74,2,5,JUNK-S5,11,JUNK-I5,2.0056764427625353,0
74,3,8,CLAMP,11,JUNK-I5,0.1563768425550096,0
74,4,3,SELF_ENERGY,19,MOVE_E,-2.199163792840358,1
74,5,10,THRESH,9,DELAY,0.10351878414258248,1
74,6,9,DELAY,6,ADD,-0.17053743095187232,1
74,7,12,JUNK-I6,20,MOVE_W,3.421735282448805,0
74,8,4,JUNK-S4,8,CLAMP,3.891476180303354,0
74,9,3,SELF_ENERGY,15,HARVEST,0.8791772209845271,1
74,10,4,JUNK-S4,10,THRESH,1.293862727744377,0
74,11,5,JUNK-S5,9,DELAY,0.6114688558610798,0
74,12,0,CONST,18,MOVE_S,3.9536118655964843,1
74,13,7,MUL,21,JUNK-A7,2.5410931730094304,0
74,14,7,MUL,12,JUNK-I6,0.771385845515305,0
74,15,5,JUNK-S5,9,DELAY,0.22266304513687551,0
74,16,7,MUL,11,JUNK-I5,3.2206793420209356,0
74,17,4,JUNK-S4,15,HARVEST,-0.4281136509292886,0
74,18,3,SELF_ENERGY,12,JUNK-I6,-2.9842219306009095,0
74,19,2,LOCAL_RESOURCE,12,JUNK-I6,1.7704397717215492,0
74,20,10,THRESH,21,JUNK-A7,-1.976989043855098,0
74,21,12,JUNK-I6,9,DELAY,-2.101870784630879,0
74,22,2,LOCAL_RESOURCE,10,THRESH,-0.5603198339793084,1
74,23,12,JUNK-I6,20,MOVE_W,3.4210028382213813,0
74,24,6,ADD,21,JUNK-A7,-2.4398937955870235,0
74,25,6,ADD,11,JUNK-I5,-0.7842036194952239,0
74,26,0,CONST,11,JUNK-I5,-1.121738334299753,0
74,27,10,THRESH,14,ACTION_Y,1.1621448408459731,1
74,28,1,RAND,16,REPRODUCE,-1.282998138370922,1
74,29,4,JUNK-S4,11,JUNK-I5,-2.51936399426252,0
74,30,9,DELAY,15,HARVEST,2.6813562425611135,1
74,31,0,CONST,15,HARVEST,0.9313028351695303,1
75,0,4,JUNK-S4,13,JUNK-I7,2.9707937864314706,0
75,1,9,DELAY,17,MOVE_N,2.4500259407330547,1
75,2,13,JUNK-I7,18,MOVE_S,-2.7205420087282937,0
75,3,2,LOCAL_RESOURCE,11,JUNK-I5,-1.8738364818262276,0
75,4,2,LOCAL_RESOURCE,8,CLAMP,-3.1706289864803003,1
75,5,11,JUNK-I5,17,MOVE_N,-1.0401928769798883,0
75,6,8,CLAMP,19,MOVE_E,0.19470809045686208,1
75,7,0,CONST,19,MOVE_E,-1.009918515579699,1
75,8,7,MUL,19,MOVE_E,3.076021607104709,1
75,9,1,RAND,7,MUL,1.8107242042298655,1
75,10,12,JUNK-I6,12,JUNK-I6,3.974974822229682,0
75,11,0,CONST,9,DELAY,0.3054292428357799,1
75,12,13,JUNK-I7,9,DELAY,-1.8506424146244698,0
75,13,13,JUNK-I7,7,MUL,-3.228858302560503,0
75,14,4,JUNK-S4,6,ADD,-3.424542985320597,0
75,15,2,LOCAL_RESOURCE,8,CLAMP,-2.1172521134067814,1
75,16,11,JUNK-I5,12,JUNK-I6,2.7333597827082126,0
75,17,8,CLAMP,19,MOVE_E,-3.4538407544175542,1
75,18,1,RAND,21,JUNK-A7,1.0464186529129917,0
75,19,12,JUNK-I6,15,HARVEST,2.1503341776787623,0
75,20,6,ADD,14,ACTION_Y,-3.7208166753135776,1
75,21,6,ADD,17,MOVE_N,3.352275154881436,1
75,22,5,JUNK-S5,11,JUNK-I5,0.09765923032319102,0
75,23,3,SELF_ENERGY,12,JUNK-I6,-3.1392559587389752,0
75,24,7,MUL,18,MOVE_S,-1.826715903195288,1
75,25,9,DELAY,16,REPRODUCE,-1.1141697439497056,1
75,26,3,SELF_ENERGY,14,ACTION_Y,1.9636829737235633,1
75,27,0,CONST,7,MUL,-0.9299600207525864,1
75,28,5,JUNK-S5,14,ACTION_Y,2.9827570421460616,0
75,29,12,JUNK-I6,9,DELAY,0.7187719351786859,0
75,30,8,CLAMP,16,REPRODUCE,1.7317423017059848,1
75,31,3,SELF_ENERGY,6,ADD,-1.9719840083010345,1
76,0,3,SELF_ENERGY,15,HARVEST,0.18384350108340708,1
76,1,13,JUNK-I7,17,MOVE_N,2.4527115695669424,0
76,2,12,JUNK-I6,14,ACTION_Y,-0.7325663014618367,0
76,3,2,LOCAL_RESOURCE,20,MOVE_W,0.04052858058412427,1
76,4,3,SELF_ENERGY,12,JUNK-I6,-2.1375164036988434,0
76,5,11,JUNK-I5,19,MOVE_E,-2.812952055421613,0
76,6,1,RAND,11,JUNK-I5,3.610461745048372,0
76,7,13,JUNK-I7,13,JUNK-I7,-0.4651020844141972,0
76,8,0,CONST,21,JUNK-A7,-1.6473891415143285,0
76,9,6,ADD,18,MOVE_S,-3.1998046815393537,1
76,10,11,JUNK-I5,7,MUL,2.32746360667745,0
76,11,9,DELAY,18,MOVE_S,2.724936674092837,1
76,12,2,LOCAL_RESOURCE,21,JUNK-A7,1.0578936124759666,0
76,13,13,JUNK-I7,15,HARVEST,1.0073549607837153,0
76,14,4,JUNK-S4,16,REPRODUCE,-3.1823480941190834,0
76,15,10,THRESH,13,JUNK-I7,-0.42860194708090454,0
76,16,5,JUNK-S5,12,JUNK-I6,0.061403241065706354,0
76,17,11,JUNK-I5,16,REPRODUCE,1.9418317209387495,0
76,18,0,CONST,17,MOVE_N,-0.41676076540421764,1
76,19,8,CLAMP,8,CLAMP,-1.391033661915952,1
76,20,0,CONST,11,JUNK-I5,-2.274483474227119,0
76,21,12,JUNK-I6,6,ADD,1.6250495925778985,0
76,22,10,THRESH,12,JUNK-I6,3.7021393475142674,0
76,23,5,JUNK-S5,19,MOVE_E,2.314889980773339,0
76,24,11,JUNK-I5,21,JUNK-A7,-1.0055238502151556,0
76,25,0,CONST,8,CLAMP,1.500900296029542,1
76,26,5,JUNK-S5,7,MUL,2.195989867854854,0
76,27,8,CLAMP,13,JUNK-I7,-0.6393017365031892,0
76,28,3,SELF_ENERGY,21,JUNK-A7,0.1480758079775384,0
76,29,3,SELF_ENERGY,15,HARVEST,-2.152043214209418,1
76,30,6,ADD,17,MOVE_N,0.7461165196691794,1
76,31,0,CONST,8,CLAMP,-3.3942686239204076,1
77,0,2,LOCAL_RESOURCE,14,ACTION_Y,-0.7988525040437024,1
77,1,4,JUNK-S4,21,JUNK-A7,1.608691671498764,0
77,2,2,LOCAL_RESOURCE,21,JUNK-A7,0.4329966124454482,0
77,3,2,LOCAL_RESOURCE,19,MOVE_E,1.0956144901882992,1
77,4,0,CONST,10,THRESH,3.955076754051332,1
77,5,8,CLAMP,14,ACTION_Y,-1.4120303964354382,1
77,6,3,SELF_ENERGY,11,JUNK-I5,3.5591906491286966,0
77,7,11,JUNK-I5,11,JUNK-I5,-1.4302194280831324,0
77,8,11,JUNK-I5,6,ADD,-1.2408825952940459,0
77,9,3,SELF_ENERGY,19,MOVE_E,-3.507187108981597,1
77,10,12,JUNK-I6,18,MOVE_S,0.33423871578112124,0
77,11,9,DELAY,7,MUL,1.5201879940183722,1
77,12,1,RAND,9,DELAY,3.630726035340434,1
77,13,4,JUNK-S4,11,JUNK-I5,1.8306222724082155,0
77,14,7,MUL,11,JUNK-I5,-1.8456373790704061,0
77,15,6,ADD,6,ADD,1.817072054200873,1
77,16,12,JUNK-I6,18,MOVE_S,-0.729148228400525,0
77,17,3,SELF_ENERGY,8,CLAMP,1.446089053010651,1
77,18,10,THRESH,20,MOVE_W,1.650929288613544,1
77,19,10,THRESH,11,JUNK-I5,0.564226203192236,0
77,20,7,MUL,17,MOVE_N,3.686269722586749,1
77,21,11,JUNK-I5,18,MOVE_S,-1.2294076357310708,0
77,22,12,JUNK-I6,8,CLAMP,-1.7330851161229286,0
77,23,3,SELF_ENERGY,16,REPRODUCE,-1.4604937894833216,1
77,24,4,JUNK-S4,15,HARVEST,-2.436231574449904,0
77,25,11,JUNK-I5,14,ACTION_Y,-3.955809198278756,0
77,26,13,JUNK-I7,6,ADD,-0.2683187353129673,0
77,27,2,LOCAL_RESOURCE,17,MOVE_N,-1.5920896023438216,1
77,28,0,CONST,14,ACTION_Y,-1.1062349314859463,1
77,29,5,JUNK-S5,19,MOVE_E,-3.0696737571337014,0
77,30,13,JUNK-I7,15,HARVEST,-1.5488753929258094,0
77,31,4,JUNK-S4,21,JUNK-A7,-3.2403332621234777,0
78,0,9,DELAY,16,REPRODUCE,2.4302499465926086,1
78,1,9,DELAY,15,HARVEST,3.051728873561815,1
78,2,9,DELAY,8,CLAMP,-0.2706381420331431,1
78,3,4,JUNK-S4,13,JUNK-I7,-2.280831324198126,0
78,4,9,DELAY,8,CLAMP,-3.924680318613239,1
78,5,2,LOCAL_RESOURCE,19,MOVE_E,0.25501266518143256,1
78,6,8,CLAMP,18,MOVE_S,0.4206671346171453,1
78,7,0,CONST,17,MOVE_N,2.304147465437788,1
78,8,9,DELAY,18,MOVE_S,3.141575365459151,1
78,9,4,JUNK-S4,11,JUNK-I5,-0.04480117191076388,0
78,10,9,DELAY,12,JUNK-I6,-2.0164189580980865,0
78,11,3,SELF_ENERGY,7,MUL,-2.197576830347606,1
78,12,12,JUNK-I6,7,MUL,3.903927732169561,0
78,13,9,DELAY,18,MOVE_S,0.5665456099124119,1
78,14,0,CONST,7,MUL,2.7209082308420056,1
78,15,1,RAND,12,JUNK-I6,2.154606769005402,0
78,16,11,JUNK-I5,17,MOVE_N,-1.346720786156804,0
78,17,7,MUL,7,MUL,-0.7489242225409711,1
78,18,4,JUNK-S4,18,MOVE_S,-3.609363078707236,0
78,19,8,CLAMP,7,MUL,0.14990691854609822,1
78,20,6,ADD,7,MUL,-1.5290993987853634,1
78,21,12,JUNK-I6,7,MUL,1.728080080568865,0
78,22,9,DELAY,15,HARVEST,-2.989226966154973,1
78,23,5,JUNK-S5,9,DELAY,-2.032654805139317,0
78,24,13,JUNK-I7,10,THRESH,-3.6797997985778377,0
78,25,12,JUNK-I6,8,CLAMP,-0.03405865657521287,0
78,26,5,JUNK-S5,12,JUNK-I6,-1.5236060670796838,0
78,27,3,SELF_ENERGY,19,MOVE_E,-2.306833094271676,1
78,28,0,CONST,7,MUL,-0.8166753135776849,1
78,29,1,RAND,11,JUNK-I5,2.6783043916135134,0
78,30,4,JUNK-S4,14,ACTION_Y,2.8814355906857507,0
78,31,8,CLAMP,20,MOVE_W,-3.837763603625599,1
79,0,10,THRESH,18,MOVE_S,3.466170232245857,1
79,1,11,JUNK-I5,12,JUNK-I6,-2.84530167546617,0
79,2,10,THRESH,8,CLAMP,1.1421246986297189,1
79,3,10,THRESH,16,REPRODUCE,2.6758629108554337,1
79,4,2,LOCAL_RESOURCE,8,CLAMP,-2.2639851069673758,1
79,5,10,THRESH,21,JUNK-A7,1.9644154179509872,0
79,6,3,SELF_ENERGY,15,HARVEST,-3.662343211157567,1
79,7,0,CONST,17,MOVE_N,-1.6711935789056063,1
79,8,3,SELF_ENERGY,13,JUNK-I7,0.1497848445081942,0
79,9,10,THRESH,17,MOVE_N,-1.400555436872463,1
79,10,4,JUNK-S4,7,MUL,1.6262703329569383,0
79,11,9,DELAY,11,JUNK-I5,-1.9310892056031983,0
79,12,3,SELF_ENERGY,16,REPRODUCE,3.9697256385998108,1
79,13,8,CLAMP,16,REPRODUCE,-0.8835718863490707,1
79,14,6,ADD,10,THRESH,-0.04431287575914793,1
79,15,5,JUNK-S5,19,MOVE_E,-0.8135013885921811,0
79,16,10,THRESH,18,MOVE_S,2.0674459059419537,1
79,17,5,JUNK-S5,9,DELAY,-0.13989684743797112,0
79,18,0,CONST,18,MOVE_S,-3.2658467360454115,1
79,19,4,JUNK-S4,6,ADD,-0.7630848109378338,0
79,20,3,SELF_ENERGY,21,JUNK-A7,1.6824243903927731,0
79,21,1,RAND,18,MOVE_S,2.7997680593279823,1
79,22,5,JUNK-S5,13,JUNK-I7,-0.31788079470198677,0
79,23,9,DELAY,11,JUNK-I5,3.7454756309701835,0
79,24,6,ADD,15,HARVEST,-0.34815515610217596,1
79,25,0,CONST,20,MOVE_W,1.5131076998199409,1
79,26,9,DELAY,17,MOVE_N,-3.911984618671224,1
79,27,7,MUL,17,MOVE_N,1.118686483352153,1
79,28,0,CONST,20,MOVE_W,-1.1035493026520584,1
79,29,8,CLAMP,8,CLAMP,-0.8243659779656362,1
79,30,10,THRESH,20,MOVE_W,3.999145481734672,1
79,31,8,CLAMP,13,JUNK-I7,-2.7552110354930264,0
80,0,1,RAND,8,CLAMP,0.8547624134037294,1
80,1,7,MUL,16,REPRODUCE,1.2518692587054048,1
80,2,13,JUNK-I7,14,ACTION_Y,-3.262184514908292,0
80,3,0,CONST,10,THRESH,-3.025116733298746,1
80,4,11,JUNK-I5,7,MUL,-0.3640247810296945,0
80,5,1,RAND,15,HARVEST,-1.618823816644795,1
80,6,3,SELF_ENERGY,18,MOVE_S,2.193182164983062,1
80,7,12,JUNK-I6,21,JUNK-A7,-2.5395062105166786,0
80,8,10,THRESH,21,JUNK-A7,3.728507339701529,0
80,9,3,SELF_ENERGY,13,JUNK-I7,-1.3617358928189947,0
80,10,12,JUNK-I6,18,MOVE_S,-3.8867152928250985,0
80,11,4,JUNK-S4,21,JUNK-A7,3.585436567278054,0
80,12,0,CONST,14,ACTION_Y,1.3092440565202796,1
80,13,7,MUL,13,JUNK-I7,-2.5940733054597613,0
80,14,3,SELF_ENERGY,21,JUNK-A7,-0.9903866695150609,0
80,15,9,DELAY,10,THRESH,-1.8862880336924344,1
80,16,3,SELF_ENERGY,15,HARVEST,2.552934354686117,1
80,17,3,SELF_ENERGY,18,MOVE_S,-0.5586107974486526,1
80,18,2,LOCAL_RESOURCE,15,HARVEST,-0.4050416577654347,1
80,19,0,CONST,20,MOVE_W,-2.301705984679708,1
80,20,13,JUNK-I7,8,CLAMP,0.673482467116306,0
80,21,11,JUNK-I5,13,JUNK-I7,1.8279366435743278,0
80,22,3,SELF_ENERGY,8,CLAMP,-0.4325083162938322,1
80,23,10,THRESH,18,MOVE_S,0.5294351023895993,1
80,24,2,LOCAL_RESOURCE,6,ADD,-2.609820856349376,1
80,25,11,JUNK-I5,12,JUNK-I6,1.7439497054963835,0
80,26,2,LOCAL_RESOURCE,17,MOVE_N,-0.9264198736533708,1
80,27,6,ADD,13,JUNK-I7,2.524002807702872,0
80,28,10,THRESH,13,JUNK-I7,1.5693838312936796,0
80,29,6,ADD,12,JUNK-I6,-3.4065981017487106,0
80,30,8,CLAMP,11,JUNK-I5,2.4278084658345285,0
80,31,10,THRESH,7,MUL,-2.5586718344676047,1
81,0,3,SELF_ENERGY,18,MOVE_S,0.7140110477004303,1
81,1,1,RAND,9,DELAY,1.0499588000122073,1
81,2,12,JUNK-I6,21,JUNK-A7,-0.13562425611133153,0
81,3,5,JUNK-S5,12,JUNK-I6,-3.3117465742973113,0
81,4,3,SELF_ENERGY,11,JUNK-I5,-3.5700552385021513,0
81,5,12,JUNK-I6,10,THRESH,-2.84591204565569,0
81,6,8,CLAMP,10,THRESH,-0.5459150975066378,1
81,7,0,CONST,16,REPRODUCE,2.335520493179113,1
81,8,13,JUNK-I7,21,JUNK-A7,0.39820551164281137,0
81,9,0,CONST,7,MUL,-0.685689870906705,1
81,10,2,LOCAL_RESOURCE,14,ACTION_Y,-3.2555925168614763,1
81,11,7,MUL,13,JUNK-I7,2.860683004242073,0
81,12,12,JUNK-I6,21,JUNK-A7,-2.15179906613361,0
81,13,0,CONST,6,ADD,-1.8068178350169377,1
81,14,0,CONST,11,JUNK-I5,-1.8106021301919615,0
81,15,11,JUNK-I5,18,MOVE_S,0.4608294930875576,0
81,16,1,RAND,18,MOVE_S,-2.7969603564561907,1
81,17,4,JUNK-S4,8,CLAMP,-0.7491683706167791,0
81,18,10,THRESH,15,HARVEST,0.12195196386608478,1
81,19,2,LOCAL_RESOURCE,11,JUNK-I5,0.43971068453016754,0
81,20,8,CLAMP,20,MOVE_W,-1.9149754325998718,1
81,21,0,CONST,15,HARVEST,-2.2865688039796135,1
81,22,13,JUNK-I7,8,CLAMP,2.550981170079653,0
81,23,12,JUNK-I6,11,JUNK-I5,0.413098544267098,0
81,24,11,JUNK-I5,19,MOVE_E,3.751701406903287,0
81,25,6,ADD,21,JUNK-A7,-2.3208716086306347,0
81,26,13,JUNK-I7,19,MOVE_E,-1.4617145298623615,0
81,27,7,MUL,18,MOVE_S,-0.968169194616535,1
81,28,1,RAND,15,HARVEST,2.8739890743736076,1
81,29,0,CONST,19,MOVE_E,-2.3634754478591264,1
81,30,2,LOCAL_RESOURCE,7,MUL,2.1485030671102026,1
81,31,0,CONST,17,MOVE_N,1.0570390942106387,1
82,0,4,JUNK-S4,10,THRESH,-3.6511123996704002,0
82,1,8,CLAMP,15,HARVEST,1.5790276802880947,1
82,2,7,MUL,7,MUL,-0.3269142735068819,1
82,3,12,JUNK-I6,7,MUL,-0.06787316507461776,0
82,4,1,RAND,9,DELAY,2.2140568254646444,1
82,5,12,JUNK-I6,18,MOVE_S,3.523911252174444,0
82,6,9,DELAY,12,JUNK-I6,-2.6680501724295786,0
82,7,7,MUL,18,MOVE_S,1.0377513962218086,1
82,8,11,JUNK-I5,12,JUNK-I6,0.25025177770317697,0
82,9,0,CONST,6,ADD,2.186101870784631,1
82,10,2,LOCAL_RESOURCE,13,JUNK-I7,3.6469618823816643,0
82,11,10,THRESH,19,MOVE_E,3.9207739494003113,1
82,12,12,JUNK-I6,19,MOVE_E,-0.34669026764732813,0
82,13,13,JUNK-I7,9,DELAY,-3.294900357066561,0
82,14,11,JUNK-I5,10,THRESH,-3.7203283791619617,0
82,15,0,CONST,8,CLAMP,0.2926114688558611,1
82,16,2,LOCAL_RESOURCE,11,JUNK-I5,1.1700796533097324,0
82,17,4,JUNK-S4,9,DELAY,2.3648182622760703,0
82,18,8,CLAMP,17,MOVE_N,2.0404675435651725,1
82,19,0,CONST,17,MOVE_N,0.12097537156285287,1
82,20,2,LOCAL_RESOURCE,16,REPRODUCE,-0.7693105868709372,1
82,21,5,JUNK-S5,8,CLAMP,0.41700491348002566,0
82,22,5,JUNK-S5,11,JUNK-I5,1.06472975859859,0
82,23,12,JUNK-I6,19,MOVE_E,-3.2211676381725516,0
82,24,6,ADD,11,JUNK-I5,1.43473616748558,0
82,25,8,CLAMP,7,MUL,0.9367961668752098,1
82,26,1,RAND,18,MOVE_S,3.947264015625477,1
82,27,0,CONST,11,JUNK-I5,0.7268288216803491,0
82,28,2,LOCAL_RESOURCE,19,MOVE_E,2.7447126682332836,1
82,29,13,JUNK-I7,11,JUNK-I5,2.1673024689474167,0
82,30,4,JUNK-S4,21,JUNK-A7,1.4932096316415906,0
82,31,3,SELF_ENERGY,8,CLAMP,-0.2619708853419599,1
83,0,6,ADD,15,HARVEST,-3.903561510055849,1
83,1,9,DELAY,9,DELAY,1.4258247627185887,1
83,2,0,CONST,14,ACTION_Y,-3.3006378368480482,1
83,3,6,ADD,20,MOVE_W,3.852046266060366,1
83,4,2,LOCAL_RESOURCE,10,THRESH,0.9167760246589557,1
83,5,1,RAND,14,ACTION_Y,-3.174657429731132,1
83,6,3,SELF_ENERGY,7,MUL,0.2702719199194311,1
83,7,2,LOCAL_RESOURCE,18,MOVE_S,3.9632557145908995,1
83,8,0,CONST,6,ADD,0.23291726432081056,1
83,9,6,ADD,19,MOVE_E,1.575731681264687,1
83,10,9,DELAY,8,CLAMP,-3.1587878048036133,1
83,11,3,SELF_ENERGY,14,ACTION_Y,-1.8134098330637531,1
83,12,3,SELF_ENERGY,9,DELAY,-3.4329660939359723,1
83,13,6,ADD,10,THRESH,3.455427716910306,1
83,14,1,RAND,16,REPRODUCE,-3.563463240455336,1
83,15,6,ADD,18,MOVE_S,2.033875545518357,1
83,16,4,JUNK-S4,18,MOVE_S,-1.3793145542771692,0
83,17,3,SELF_ENERGY,12,JUNK-I6,1.5452131717886899,0
83,18,1,RAND,15,HARVEST,-3.598620563371685,1
83,19,0,CONST,21,JUNK-A7,0.5022125919370098,0
83,20,13,JUNK-I7,6,ADD,-2.3974120303964352,0
83,21,0,CONST,11,JUNK-I5,-3.6879787591174047,0
83,22,7,MUL,16,REPRODUCE,-2.6027405621509447,1
83,23,10,THRESH,14,ACTION_Y,2.226020081179235,1
83,24,7,MUL,7,MUL,3.771965697195349,1
83,25,6,ADD,8,CLAMP,-3.989013336588641,1
83,26,8,CLAMP,15,HARVEST,0.37891781365398114,1
83,27,8,CLAMP,20,MOVE_W,-0.9098178044984283,1
83,28,0,CONST,10,THRESH,-2.3108615375225074,1
83,29,8,CLAMP,9,DELAY,-1.262001403851436,1
83,30,13,JUNK-I7,14,ACTION_Y,0.9056672872096927,0
83,31,5,JUNK-S5,9,DELAY,0.6100039674062319,0
84,0,10,THRESH,12,JUNK-I6,-3.3614307077242347,0
84,1,4,JUNK-S4,9,DELAY,-0.8207037568285165,0
84,2,0,CONST,18,MOVE_S,-3.0292672505874814,1
84,3,10,THRESH,18,MOVE_S,-3.1764885402996916,1
84,4,4,JUNK-S4,19,MOVE_E,3.6379284035767694,0
84,5,8,CLAMP,10,THRESH,3.411358989226966,1
84,6,12,JUNK-I6,13,JUNK-I7,-1.5084688863795892,0
84,7,5,JUNK-S5,16,REPRODUCE,3.273781548509171,0
84,8,8,CLAMP,8,CLAMP,-1.4724570451979124,1
84,9,2,LOCAL_RESOURCE,9,DELAY,-2.282662434766686,1
84,10,11,JUNK-I5,14,ACTION_Y,0.5858333079012421,0
84,11,12,JUNK-I6,15,HARVEST,3.6889553514206366,0
84,12,2,LOCAL_RESOURCE,12,JUNK-I6,-3.7672048097170934,0
84,13,11,JUNK-I5,20,MOVE_W,-3.3365276039918212,0
84,14,1,RAND,10,THRESH,-1.576586199530015,1
84,15,0,CONST,9,DELAY,-1.6666768395031586,1
84,16,5,JUNK-S5,6,ADD,-0.6832483901486252,0
84,17,4,JUNK-S4,9,DELAY,-3.2117679372539447,0
84,18,10,THRESH,21,JUNK-A7,-2.012634662923063,0
84,19,10,THRESH,11,JUNK-I5,-2.9181798760948516,0
84,20,6,ADD,19,MOVE_E,1.3005767998290962,1
84,21,1,RAND,20,MOVE_W,0.9729300820947905,1
84,22,2,LOCAL_RESOURCE,17,MOVE_N,0.14294869838557084,1
84,23,8,CLAMP,21,JUNK-A7,-3.847407452620014,0
84,24,10,THRESH,12,JUNK-I6,-3.501327555162206,0
84,25,12,JUNK-I6,19,MOVE_E,3.7880794701986753,0
84,26,10,THRESH,21,JUNK-A7,-0.4391003143406476,0
84,27,8,CLAMP,14,ACTION_Y,-2.8634907071138644,1
84,28,5,JUNK-S5,6,ADD,-1.7773979918820766,0
84,29,2,LOCAL_RESOURCE,17,MOVE_N,-2.590166936246834,1
84,30,1,RAND,14,ACTION_Y,0.7732169560838649,1
84,31,13,JUNK-I7,6,ADD,-2.1126132999664295,0
85,0,8,CLAMP,15,HARVEST,0.45142979216895046,1
85,1,2,LOCAL_RESOURCE,12,JUNK-I6,-3.6793115024262213,0
85,2,1,RAND,20,MOVE_W,3.520859401226844,1
85,3,2,LOCAL_RESOURCE,17,MOVE_N,-1.5499740592669453,1
85,4,10,THRESH,12,JUNK-I6,-2.5293740653706474,0
85,5,9,DELAY,18,MOVE_S,-1.2331919309060946,1
85,6,7,MUL,16,REPRODUCE,1.6901150547807244,1
85,7,0,CONST,11,JUNK-I5,2.662190618610187,0
85,8,7,MUL,18,MOVE_S,-0.6134220404675436,1
85,9,6,ADD,12,JUNK-I6,1.077059236426893,0
85,10,2,LOCAL_RESOURCE,18,MOVE_S,3.659657582323679,1
85,11,12,JUNK-I6,17,MOVE_N,0.7397686696981719,0
85,12,9,DELAY,17,MOVE_N,0.8722190008239997,1
85,13,3,SELF_ENERGY,18,MOVE_S,-1.0386059144871365,1
85,14,0,CONST,7,MUL,1.8643147068697166,1
85,15,7,MUL,18,MOVE_S,-0.8784447767571032,1
85,16,1,RAND,14,ACTION_Y,-2.249336222418897,1
85,17,13,JUNK-I7,12,JUNK-I6,-0.326181829279458,0
85,18,4,JUNK-S4,7,MUL,-1.6942655720694602,0
85,19,3,SELF_ENERGY,18,MOVE_S,2.6029847102267527,1
85,20,0,CONST,21,JUNK-A7,1.3397625659962766,0
85,21,4,JUNK-S4,16,REPRODUCE,-2.7791375469222084,0
85,22,6,ADD,21,JUNK-A7,1.4075136570329905,0
85,23,9,DELAY,12,JUNK-I6,-0.4653462324900052,0
85,24,9,DELAY,16,REPRODUCE,-1.1672719504379405,1
85,25,0,CONST,11,JUNK-I5,-0.14502395702993864,0
85,26,9,DELAY,21,JUNK-A7,-2.4634540849024935,0
85,27,3,SELF_ENERGY,12,JUNK-I6,-3.488143559068575,0
85,28,0,CONST,19,MOVE_E,2.6568193609424116,1
85,29,1,RAND,18,MOVE_S,-0.6097598193304239,1
85,30,11,JUNK-I5,11,JUNK-I5,-3.306375316629536,0
85,31,7,MUL,11,JUNK-I5,2.8881496627704704,0
86,0,0,CONST,13,JUNK-I7,-2.858485671559801,0
86,1,9,DELAY,18,MOVE_S,-3.2215338602862635,1
86,2,11,JUNK-I5,18,MOVE_S,-2.8094119083223976,0
86,3,3,SELF_ENERGY,20,MOVE_W,-0.826441236610004,1
86,4,13,JUNK-I7,17,MOVE_N,-3.0933561204870754,0
86,5,7,MUL,7,MUL,1.0414136173589281,1
86,6,9,DELAY,7,MUL,3.589709158604694,1
86,7,12,JUNK-I6,11,JUNK-I5,-1.6368907742545855,0
86,8,10,THRESH,9,DELAY,-0.25037385174108095,1
86,9,9,DELAY,18,MOVE_S,2.4499038666951507,1
86,10,6,ADD,6,ADD,3.415875728629414,1
86,11,12,JUNK-I6,15,HARVEST,-0.5345622119815668,0
86,12,7,MUL,21,JUNK-A7,-0.6790978728598895,0
86,13,12,JUNK-I6,10,THRESH,3.1879634998626667,0
86,14,4,JUNK-S4,15,HARVEST,1.1484725486007263,0
86,15,7,MUL,7,MUL,3.033539841914121,1
86,16,2,LOCAL_RESOURCE,9,DELAY,1.585863826410718,1
86,17,0,CONST,11,JUNK-I5,0.4517960142826624,0
86,18,11,JUNK-I5,6,ADD,-3.5422223578600422,0
86,19,0,CONST,11,JUNK-I5,0.902005066072573,0
86,20,6,ADD,16,REPRODUCE,-1.205481124301889,1
86,21,5,JUNK-S5,18,MOVE_S,0.15845210119937742,0
86,22,10,THRESH,20,MOVE_W,-1.4888149662770471,1
86,23,13,JUNK-I7,15,HARVEST,-3.5805536057618945,0
86,24,3,SELF_ENERGY,21,JUNK-A7,0.282723471785638,0
86,25,8,CLAMP,12,JUNK-I6,-3.282082583086642,0
86,26,2,LOCAL_RESOURCE,20,MOVE_W,-3.6181524094363233,1
86,27,13,JUNK-I7,14,ACTION_Y,-0.8376720480971709,0
86,28,1,RAND,16,REPRODUCE,3.619861445966979,1
86,29,9,DELAY,12,JUNK-I6,2.3938718832972197,0
86,30,10,THRESH,15,HARVEST,3.883175145725883,1
86,31,10,THRESH,13,JUNK-I7,3.5295266579180273,0
87,0,2,LOCAL_RESOURCE,11,JUNK-I5,-3.140598773155919,0
87,1,3,SELF_ENERGY,7,MUL,-1.4535355693227943,1
87,2,0,CONST,21,JUNK-A7,0.4405652027954955,0
87,3,6,ADD,10,THRESH,-3.7092196417126986,1
87,4,4,JUNK-S4,8,CLAMP,-0.315195165868099,0
87,5,2,LOCAL_RESOURCE,14,ACTION_Y,-2.3969237342448193,1
87,6,9,DELAY,13,JUNK-I7,0.825464644306772,0
87,7,8,CLAMP,8,CLAMP,1.1146580401013215,1
87,8,2,LOCAL_RESOURCE,10,THRESH,-3.589098788415174,1
87,9,6,ADD,16,REPRODUCE,2.7358012634662923,1
87,10,5,JUNK-S5,7,MUL,-2.524979400006104,0
87,11,8,CLAMP,7,MUL,2.301950132755516,1
87,12,7,MUL,15,HARVEST,3.0627155369731742,1
87,13,6,ADD,6,ADD,2.053285317545091,1
87,14,9,DELAY,10,THRESH,-0.5287026581621753,1
87,15,10,THRESH,16,REPRODUCE,0.5804620502334666,1
87,16,5,JUNK-S5,9,DELAY,1.9917600024414808,0
87,17,2,LOCAL_RESOURCE,8,CLAMP,3.5672475356303597,1
87,18,3,SELF_ENERGY,13,JUNK-I7,1.1551866206854458,0
87,19,4,JUNK-S4,6,ADD,-3.870601519821772,0
87,20,13,JUNK-I7,11,JUNK-I5,-2.314279610583819,0
87,21,3,SELF_ENERGY,16,REPRODUCE,-0.3254493850520341,1
87,22,1,RAND,12,JUNK-I6,0.1577196569719535,0
87,23,3,SELF_ENERGY,7,MUL,3.511825922421949,1
87,24,6,ADD,8,CLAMP,2.4597918637653735,1
87,25,12,JUNK-I6,19,MOVE_E,-0.36463515121921447,0
87,26,0,CONST,21,JUNK-A7,0.7236548966948454,0
87,27,12,JUNK-I6,6,ADD,1.968199713126011,0
87,28,4,JUNK-S4,9,DELAY,0.9826960051271096,0
87,29,8,CLAMP,14,ACTION_Y,-1.2070680867946408,1
87,30,10,THRESH,14,ACTION_Y,-0.31885738700521865,1
87,31,1,RAND,21,JUNK-A7,-3.1382793664357433,0
88,0,3,SELF_ENERGY,11,JUNK-I5,-2.652912991729484,0
88,1,5,JUNK-S5,12,JUNK-I6,-1.2635883663441878,0
88,2,1,RAND,19,MOVE_E,-0.8070314645832698,1
88,3,0,CONST,20,MOVE_W,2.0164189580980865,1
88,4,3,SELF_ENERGY,21,JUNK-A7,-0.3966185491500595,0
88,5,9,DELAY,10,THRESH,-1.9716177861873225,1
88,6,4,JUNK-S4,18,MOVE_S,0.4189580980864894,0
88,7,0,CONST,14,ACTION_Y,-1.4264351329081089,1
88,8,3,SELF_ENERGY,10,THRESH,-2.523880733664968,1
88,9,1,RAND,15,HARVEST,-0.4078493606372265,1
88,10,2,LOCAL_RESOURCE,12,JUNK-I6,2.828211310159612,0
88,11,5,JUNK-S5,13,JUNK-I7,-3.9538560136722922,0
88,12,10,THRESH,20,MOVE_W,0.1466109195226905,1
88,13,2,LOCAL_RESOURCE,17,MOVE_N,-2.391186254463332,1
88,14,10,THRESH,20,MOVE_W,2.760460219122898,1
88,15,2,LOCAL_RESOURCE,12,JUNK-I6,3.7653736991485336,0
88,16,7,MUL,7,MUL,1.1014740440076907,1
88,17,12,JUNK-I6,11,JUNK-I5,-3.8428907132175665,0
88,18,4,JUNK-S4,6,ADD,2.2842493972594378,0
88,19,2,LOCAL_RESOURCE,15,HARVEST,1.8229316080202642,1
88,20,6,ADD,10,THRESH,-3.2408215582750937,1
88,21,11,JUNK-I5,14,ACTION_Y,0.978179265724662,0
88,22,10,THRESH,14,ACTION_Y,-0.27832880642109437,1
88,23,0,CONST,11,JUNK-I5,3.6441541795098726,0
88,24,0,CONST,18,MOVE_S,3.198339793084506,1
88,25,4,JUNK-S4,10,THRESH,1.4418164616840115,0
88,26,5,JUNK-S5,7,MUL,-0.9645069734794153,0
88,27,12,JUNK-I6,21,JUNK-A7,-1.2746971037934507,0
88,28,5,JUNK-S5,8,CLAMP,-3.2084719382305367,0
88,29,8,CLAMP,6,ADD,2.8974272896511732,1
88,30,9,DELAY,21,JUNK-A7,3.955198828089236,0
88,31,12,JUNK-I6,9,DELAY,2.6042054506057926,0
89,0,3,SELF_ENERGY,17,MOVE_N,3.9503158665730767,1
89,1,3,SELF_ENERGY,15,HARVEST,-2.633381145664846,1
89,2,6,ADD,13,JUNK-I7,1.3552659688100832,0
89,3,8,CLAMP,19,MOVE_E,-2.5612353892635884,1
89,4,11,JUNK-I5,15,HARVEST,-1.7745902890102847,0
89,5,1,RAND,18,MOVE_S,-0.48500015259254736,1
89,6,1,RAND,17,MOVE_N,0.13513595995971556,1
89,7,4,JUNK-S4,6,ADD,1.5920896023438216,0
89,8,12,JUNK-I6,15,HARVEST,-3.0054628131962033,0
89,9,11,JUNK-I5,9,DELAY,-3.4056215094454787,0
89,10,4,JUNK-S4,20,MOVE_W,2.0398571733756525,0
89,11,7,MUL,17,MOVE_N,-3.673940244758446,1
89,12,12,JUNK-I6,21,JUNK-A7,-0.11023285622730186,0
89,13,1,RAND,17,MOVE_N,0.17053743095187232,1
89,14,4,JUNK-S4,13,JUNK-I7,-2.7096774193548385,0
89,15,13,JUNK-I7,8,CLAMP,-2.8229621265297404,0
89,16,10,THRESH,15,HARVEST,2.78316599017304,1
89,17,6,ADD,20,MOVE_W,2.314523758659627,1
89,18,4,JUNK-S4,16,REPRODUCE,-2.3560289315469833,0
89,19,11,JUNK-I5,10,THRESH,-3.042573320719016,0
89,20,7,MUL,13,JUNK-I7,0.46961882381664477,0
89,21,3,SELF_ENERGY,12,JUNK-I6,2.739463484603412,0
89,22,8,CLAMP,21,JUNK-A7,0.08227790154728842,0
89,23,7,MUL,9,DELAY,-1.0600909451582385,1
89,24,8,CLAMP,12,JUNK-I6,0.7124240852076784,0
89,25,6,ADD,13,JUNK-I7,3.054048280281991,0
89,26,8,CLAMP,11,JUNK-I5,0.5799737540818506,0
89,27,5,JUNK-S5,8,CLAMP,3.3290810876796777,0
89,28,12,JUNK-I6,21,JUNK-A7,3.6790673543504133,0
89,29,10,THRESH,20,MOVE_W,3.3213904232917266,1
89,30,12,JUNK-I6,9,DELAY,3.903927732169561,0
89,31,2,LOCAL_RESOURCE,11,JUNK-I5,-3.5939817499313333,0
90,0,11,JUNK-I5,13,JUNK-I7,3.871578112125004,0
90,1,8,CLAMP,20,MOVE_W,-1.401776177251503,1
90,2,8,CLAMP,17,MOVE_N,-3.9078341013824884,1
90,3,3,SELF_ENERGY,14,ACTION_Y,0.4790185247352519,1
90,4,12,JUNK-I6,11,JUNK-I5,3.1320535905026397,0
90,5,2,LOCAL_RESOURCE,20,MOVE_W,-1.5919675283059176,1
90,6,2,LOCAL_RESOURCE,7,MUL,1.259437849055452,1
90,7,3,SELF_ENERGY,7,MUL,-0.7207251197851496,1
90,8,0,CONST,21,JUNK-A7,-3.674184392834254,0
90,9,6,ADD,15,HARVEST,1.4103213599047824,1
90,10,7,MUL,21,JUNK-A7,1.487716299935911,0
90,11,0,CONST,10,THRESH,3.52439954832606,1
90,12,6,ADD,14,ACTION_Y,0.29371013519699696,1
90,13,0,CONST,12,JUNK-I6,3.693105868709372,0
90,14,6,ADD,6,ADD,0.13196203497421186,1
90,15,13,JUNK-I7,7,MUL,2.58882412182989,0
90,16,12,JUNK-I6,9,DELAY,1.999816888943144,0
90,17,0,CONST,8,CLAMP,2.0620746482741783,1
90,18,10,THRESH,11,JUNK-I5,-0.8384044923245949,0
90,19,11,JUNK-I5,14,ACTION_Y,2.3220923490096745,0
90,20,10,THRESH,14,ACTION_Y,0.25513473921933655,1
90,21,3,SELF_ENERGY,16,REPRODUCE,-0.7225562303537095,1
90,22,13,JUNK-I7,16,REPRODUCE,-1.011749626148259,0
90,23,8,CLAMP,19,MOVE_E,-2.052186651203955,1
90,24,11,JUNK-I5,7,MUL,1.9214453566087832,0
90,25,7,MUL,19,MOVE_E,2.904751731925413,1
90,26,7,MUL,21,JUNK-A7,3.492294076357311,0
90,27,11,JUNK-I5,11,JUNK-I5,-0.337046418652913,0
90,28,13,JUNK-I7,20,MOVE_W,0.7666249580370494,0
90,29,1,RAND,11,JUNK-I5,-0.7640614032410658,0
90,30,11,JUNK-I5,21,JUNK-A7,0.0727561265907773,0
90,31,13,JUNK-I7,11,JUNK-I5,-0.5276039918210395,0
91,0,7,MUL,15,HARVEST,3.993408001953185,1
91,1,4,JUNK-S4,15,HARVEST,-1.0825525681325725,0
91,2,0,CONST,21,JUNK-A7,2.642048402356029,0
91,3,7,MUL,15,HARVEST,-1.880184331797235,1
91,4,12,JUNK-I6,8,CLAMP,-2.6468092898342843,0
91,5,1,RAND,9,DELAY,2.865688039796136,1
91,6,11,JUNK-I5,13,JUNK-I7,0.9198278756065553,0
91,7,3,SELF_ENERGY,17,MOVE_N,-1.73772392956328,1
91,8,7,MUL,16,REPRODUCE,-0.8967558824427015,1
91,9,1,RAND,7,MUL,1.3901791436506241,1
91,10,6,ADD,10,THRESH,0.6048768578142644,1
91,11,0,CONST,10,THRESH,-3.2907498397778254,1
91,12,1,RAND,16,REPRODUCE,-1.8319650868251594,1
91,13,5,JUNK-S5,21,JUNK-A7,0.9936826685384685,0
91,14,0,CONST,21,JUNK-A7,-3.769157994323557,0
91,15,4,JUNK-S4,19,MOVE_E,-2.3565172276985993,0
91,16,2,LOCAL_RESOURCE,19,MOVE_E,3.055269020661031,1
91,17,13,JUNK-I7,17,MOVE_N,-1.5248268074587237,0
91,18,10,THRESH,19,MOVE_E,3.1907712027344584,1
91,19,7,MUL,10,THRESH,-0.44300668355357525,1
91,20,8,CLAMP,12,JUNK-I6,-2.833460493789483,0
91,21,1,RAND,9,DELAY,1.5571764275032807,1
91,22,5,JUNK-S5,14,ACTION_Y,-1.6262703329569383,0
91,23,12,JUNK-I6,17,MOVE_N,-2.67207861568041,0
91,24,4,JUNK-S4,11,JUNK-I5,2.8509170812097535,0
91,25,6,ADD,16,REPRODUCE,2.4051026947843868,1
91,26,2,LOCAL_RESOURCE,12,JUNK-I6,0.8049562059389019,0
91,27,2,LOCAL_RESOURCE,15,HARVEST,2.1806085390789516,1
91,28,13,JUNK-I7,10,THRESH,-2.152653584398938,0
91,29,4,JUNK-S4,10,THRESH,-0.5466475417340617,0
91,30,9,DELAY,20,MOVE_W,-2.9281899472029784,1
91,31,11,JUNK-I5,13,JUNK-I7,1.1604358043153173,0
92,0,1,RAND,7,MUL,-2.801355021820734,1
92,1,13,JUNK-I7,8,CLAMP,-1.8441724906155583,0
92,2,1,RAND,20,MOVE_W,2.0586565752128667,1
92,3,1,RAND,7,MUL,3.175023651844844,1
92,4,3,SELF_ENERGY,17,MOVE_N,3.904538102359081,1
92,5,5,JUNK-S5,12,JUNK-I6,-0.5671559801019318,0
92,6,7,MUL,14,ACTION_Y,-3.586779381694998,1
92,7,10,THRESH,17,MOVE_N,-3.729239783928953,1
92,8,0,CONST,19,MOVE_E,0.19190038758507033,1
92,9,4,JUNK-S4,20,MOVE_W,-0.09961241492965484,0
92,10,4,JUNK-S4,21,JUNK-A7,0.9210486159855953,0
92,11,1,RAND,13,JUNK-I7,2.1475264748069702,0
92,12,10,THRESH,10,THRESH,-1.7980285042878505,1
92,13,12,JUNK-I6,17,MOVE_N,-0.8131351664784692,0
92,14,3,SELF_ENERGY,17,MOVE_N,-0.8994415112765892,1
92,15,11,JUNK-I5,14,ACTION_Y,0.8224127933591724,0
92,16,3,SELF_ENERGY,19,MOVE_E,0.6114688558610798,1
92,17,13,JUNK-I7,21,JUNK-A7,0.38721884823145236,0
92,18,13,JUNK-I7,12,JUNK-I6,0.923734244819483,0
92,19,0,CONST,11,JUNK-I5,0.25183874019592883,0
92,20,10,THRESH,9,DELAY,0.17383342997528,1
92,21,8,CLAMP,15,HARVEST,2.325144199957274,1
92,22,0,CONST,17,MOVE_N,0.8829615161595508,1
92,23,2,LOCAL_RESOURCE,18,MOVE_S,1.2756736960966826,1
92,24,3,SELF_ENERGY,8,CLAMP,2.587847529526658,1
92,25,0,CONST,7,MUL,-1.4822229682302317,1
92,26,2,LOCAL_RESOURCE,20,MOVE_W,-0.2596514786217841,1
92,27,0,CONST,8,CLAMP,0.32361827448347424,1
92,28,7,MUL,6,ADD,2.9908139286477247,1
92,29,10,THRESH,18,MOVE_S,0.2465895565660573,1
92,30,1,RAND,8,CLAMP,-0.3436384166997284,1
92,31,0,CONST,21,JUNK-A7,2.481032746360668,0
93,0,10,THRESH,12,JUNK-I6,2.3246559038056582,0
93,1,2,LOCAL_RESOURCE,21,JUNK-A7,-2.261177404095584,0
93,2,0,CONST,21,JUNK-A7,2.1909848323007903,0
93,3,10,THRESH,20,MOVE_W,-0.33191930906094547,1
93,4,5,JUNK-S5,18,MOVE_S,-0.5578783532212287,0
93,5,3,SELF_ENERGY,17,MOVE_N,0.45020905178991055,1
93,6,8,CLAMP,20,MOVE_W,1.086092715231788,1
93,7,12,JUNK-I6,14,ACTION_Y,3.596545304727317,0
93,8,10,THRESH,6,ADD,-0.7053437910092472,1
93,9,12,JUNK-I6,16,REPRODUCE,3.7590258491775264,0
93,10,4,JUNK-S4,14,ACTION_Y,-2.4583269753105257,0
93,11,6,ADD,12,JUNK-I6,-3.5988647114474928,0
93,12,10,THRESH,6,ADD,1.4736777855769525,1
93,13,1,RAND,16,REPRODUCE,2.090151676992096,1
93,14,5,JUNK-S5,13,JUNK-I7,-2.769493697927793,0
93,15,9,DELAY,13,JUNK-I7,-2.487624744407483,0
93,16,6,ADD,20,MOVE_W,-2.686483352153081,1
93,17,7,MUL,13,JUNK-I7,1.554246650593585,0
93,18,6,ADD,6,ADD,-1.207678456984161,1
93,19,4,JUNK-S4,6,ADD,-1.849055452131718,0
93,20,4,JUNK-S4,20,MOVE_W,1.8450270088808862,0
93,21,10,THRESH,21,JUNK-A7,2.4828638569292276,0
93,22,5,JUNK-S5,10,THRESH,-2.563188573870052,0
93,23,1,RAND,7,MUL,2.7987914670247505,1
93,24,11,JUNK-I5,15,HARVEST,1.8921475875118259,0
93,25,10,THRESH,16,REPRODUCE,-3.674184392834254,1
93,26,12,JUNK-I6,18,MOVE_S,1.272865993224891,0
93,27,10,THRESH,15,HARVEST,-3.1703848384044924,1
93,28,2,LOCAL_RESOURCE,15,HARVEST,0.6123233741264077,1
93,29,12,JUNK-I6,10,THRESH,-2.1370281075472275,0
93,30,9,DELAY,15,HARVEST,1.58745078890347,1
93,31,5,JUNK-S5,21,JUNK-A7,-0.2961516159550768,0
94,0,1,RAND,10,THRESH,-3.630359813226722,1
94,1,6,ADD,21,JUNK-A7,-2.3499252296517836,0
94,2,12,JUNK-I6,16,REPRODUCE,2.2107608264412364,0
94,3,5,JUNK-S5,21,JUNK-A7,0.1706595049897763,0
94,4,2,LOCAL_RESOURCE,14,ACTION_Y,-0.7810296945097202,1
94,5,8,CLAMP,18,MOVE_S,-2.56343272194586,1
94,6,13,JUNK-I7,7,MUL,-0.5067293313394574,0
94,7,0,CONST,7,MUL,1.26273384807886,1
94,8,3,SELF_ENERGY,19,MOVE_E,2.837122714926603,1
94,9,10,THRESH,12,JUNK-I6,3.9731437116611223,0
94,10,1,RAND,13,JUNK-I7,-1.9703970458082827,0
94,11,9,DELAY,17,MOVE_N,1.7661671803949095,1
94,12,6,ADD,12,JUNK-I6,3.4253975035859248,0
94,13,0,CONST,16,REPRODUCE,-3.414410840174566,1
94,14,5,JUNK-S5,12,JUNK-I6,1.794976653340251,0
94,15,8,CLAMP,7,MUL,-1.6659443952757347,1
94,16,13,JUNK-I7,17,MOVE_N,-3.2540055543687245,0
94,17,10,THRESH,13,JUNK-I7,-1.511764885402997,0
94,18,9,DELAY,16,REPRODUCE,-0.27405621509445477,1
94,19,2,LOCAL_RESOURCE,21,JUNK-A7,3.692861720633564,0
94,20,4,JUNK-S4,14,ACTION_Y,-2.7202978606524857,0
94,21,3,SELF_ENERGY,19,MOVE_E,-0.7901852473525193,1
94,22,10,THRESH,13,JUNK-I7,2.7991576891384624,0
94,23,2,LOCAL_RESOURCE,10,THRESH,1.5339823603015228,1
94,24,8,CLAMP,9,DELAY,3.4725180822168644,1
94,25,13,JUNK-I7,14,ACTION_Y,-0.6004821924497208,0
94,26,0,CONST,20,MOVE_W,-1.281655323953978,1
94,27,10,THRESH,14,ACTION_Y,-3.7088534195989866,1
94,28,1,RAND,13,JUNK-I7,3.0368358409375285,0
94,29,0,CONST,11,JUNK-I5,-3.543321024201178,0
94,30,4,JUNK-S4,8,CLAMP,3.6464735862300484,0
94,31,0,CONST,10,THRESH,-0.025147251808221686,1
95,0,10,THRESH,16,REPRODUCE,3.8408154545731987,1
95,1,10,THRESH,16,REPRODUCE,-2.5711233863338117,1
95,2,4,JUNK-S4,18,MOVE_S,-3.489608447523423,0
95,3,9,DELAY,16,REPRODUCE,-0.18970305490279854,1
95,4,6,ADD,16,REPRODUCE,3.13327433088168,1
95,5,9,DELAY,14,ACTION_Y,3.1347392193365278,1
95,6,4,JUNK-S4,15,HARVEST,3.4258857997375407,0
95,7,6,ADD,6,ADD,1.7898495437482833,1
95,8,10,THRESH,15,HARVEST,0.2751548814355907,1
95,9,3,SELF_ENERGY,16,REPRODUCE,-3.80138554033021,1
95,10,3,SELF_ENERGY,7,MUL,-2.8940092165898617,1
95,11,9,DELAY,20,MOVE_W,3.8445997497482223,1
95,12,10,THRESH,15,HARVEST,3.56358531449324,1
95,13,11,JUNK-I5,10,THRESH,0.8861354411450545,0
95,14,4,JUNK-S4,7,MUL,-3.012787255470443,0
95,15,4,JUNK-S4,6,ADD,2.3672597430341504,0
95,16,6,ADD,20,MOVE_W,0.15503402813806574,1
95,17,8,CLAMP,9,DELAY,-2.9076815088351085,1
95,18,7,MUL,7,MUL,3.2662129581591235,1
95,19,9,DELAY,10,THRESH,-1.1260109256263924,1
95,20,8,CLAMP,7,MUL,0.39722891933957943,1
95,21,5,JUNK-S5,11,JUNK-I5,-0.49073763237403484,0
95,22,4,JUNK-S4,14,ACTION_Y,2.6508377330851163,0
95,23,6,ADD,13,JUNK-I7,-1.7133091219824823,0
95,24,5,JUNK-S5,9,DELAY,-1.4391308328501236,0
95,25,12,JUNK-I6,11,JUNK-I5,-3.7657399212622455,0
95,26,1,RAND,13,JUNK-I7,2.184759056367687,0
95,27,12,JUNK-I6,20,MOVE_W,-0.620380260628071,0
95,28,1,RAND,19,MOVE_E,-1.5626697592089602,1
95,29,2,LOCAL_RESOURCE,19,MOVE_E,-2.0271614734336376,1
95,30,8,CLAMP,18,MOVE_S,-0.24964140751365704,1
95,31,3,SELF_ENERGY,12,JUNK-I6,2.4263435773796806,0
96,0,12,JUNK-I6,11,JUNK-I5,2.8293099765007477,0
96,1,0,CONST,11,JUNK-I5,0.728171636097293,0
96,2,13,JUNK-I7,10,THRESH,-0.40589617603076267,0
96,3,11,JUNK-I5,7,MUL,2.6234931485946227,0
96,4,5,JUNK-S5,11,JUNK-I5,3.9613025299844358,0
96,5,12,JUNK-I6,18,MOVE_S,-2.6054261909848324,0
96,6,7,MUL,12,JUNK-I6,1.576342051454207,0
96,7,10,THRESH,16,REPRODUCE,3.280617694631794,1
96,8,9,DELAY,14,ACTION_Y,1.7878963591418195,1
96,9,11,JUNK-I5,21,JUNK-A7,1.5574205755790886,0
96,10,0,CONST,10,THRESH,-0.16443372905667286,1
96,11,8,CLAMP,7,MUL,-3.520371105075228,1
96,12,5,JUNK-S5,15,HARVEST,3.075899533066805,0
96,13,5,JUNK-S5,20,MOVE_W,2.8438367870113224,0
96,14,7,MUL,21,JUNK-A7,0.058473464156010624,0
96,15,2,LOCAL_RESOURCE,16,REPRODUCE,3.825067903683584,1
96,16,6,ADD,11,JUNK-I5,1.4623249000518814,0
96,17,2,LOCAL_RESOURCE,9,DELAY,-2.457106234931486,1
96,18,4,JUNK-S4,6,ADD,2.8824121829889826,0
96,19,4,JUNK-S4,21,JUNK-A7,-3.478988006225776,0
96,20,3,SELF_ENERGY,12,JUNK-I6,2.435987426374096,0
96,21,3,SELF_ENERGY,6,ADD,-3.1496322519608144,1
96,22,2,LOCAL_RESOURCE,15,HARVEST,-3.5939817499313333,1
96,23,5,JUNK-S5,21,JUNK-A7,-2.3488265633106478,0
96,24,7,MUL,9,DELAY,3.2554704428235723,1
96,25,4,JUNK-S4,6,ADD,0.37232581560716577,0
96,26,3,SELF_ENERGY,17,MOVE_N,-2.7849971007415997,1
96,27,11,JUNK-I5,19,MOVE_E,2.968108157597583,0
96,28,3,SELF_ENERGY,12,JUNK-I6,3.768791772209845,0
96,29,2,LOCAL_RESOURCE,15,HARVEST,-3.7906430249946594,1
96,30,2,LOCAL_RESOURCE,16,REPRODUCE,-1.1471297341837825,1
96,31,10,THRESH,18,MOVE_S,-1.7140415662099062,1
97,0,11,JUNK-I5,8,CLAMP,0.28870509964293345,0
97,1,12,JUNK-I6,15,HARVEST,3.948850978118229,0
97,2,4,JUNK-S4,6,ADD,-2.9645680104983674,0
97,3,11,JUNK-I5,20,MOVE_W,-2.360545670949431,0
97,4,0,CONST,15,HARVEST,-3.633899960325938,1
97,5,11,JUNK-I5,8,CLAMP,-3.7473067415387433,0
97,6,7,MUL,16,REPRODUCE,2.986785485396893,1
97,7,7,MUL,11,JUNK-I5,2.4578386791589097,0
97,8,0,CONST,19,MOVE_E,1.487472151860103,1
97,9,2,LOCAL_RESOURCE,9,DELAY,-3.806512649922178,1
97,10,1,RAND,7,MUL,0.2659993285927915,1
97,11,0,CONST,18,MOVE_S,-1.7316202276680808,1
97,12,5,JUNK-S5,10,THRESH,-3.5275734733115636,0
97,13,4,JUNK-S4,6,ADD,-3.5407574694051944,0
97,14,10,THRESH,21,JUNK-A7,-0.9684133426923429,0
97,15,5,JUNK-S5,6,ADD,-3.0361033967101045,0
97,16,3,SELF_ENERGY,7,MUL,2.5673390911587877,1
97,17,2,LOCAL_RESOURCE,7,MUL,-0.33643604846339303,1
97,18,0,CONST,6,ADD,-0.2681966612750633,1
97,19,3,SELF_ENERGY,14,ACTION_Y,1.3328043458357495,1
97,20,1,RAND,19,MOVE_E,-0.32996612445448165,1
97,21,2,LOCAL_RESOURCE,16,REPRODUCE,3.423566393017365,1
97,22,1,RAND,21,JUNK-A7,-1.826837977233192,0
97,23,4,JUNK-S4,16,REPRODUCE,1.6547135837885678,0
97,24,9,DELAY,18,MOVE_S,-2.871425519577624,1
97,25,2,LOCAL_RESOURCE,14,ACTION_Y,0.5196691793572802,1
97,26,1,RAND,19,MOVE_E,-0.608539078951384,1
97,27,9,DELAY,16,REPRODUCE,-2.5371868037965024,1
97,28,7,MUL,9,DELAY,-2.6798913541062657,1
97,29,10,THRESH,10,THRESH,-2.6361888485366376,1
97,30,9,DELAY,12,JUNK-I6,-1.5188451796014282,0
97,31,3,SELF_ENERGY,10,THRESH,2.6354564043092137,1
98,0,3,SELF_ENERGY,6,ADD,3.662587359233375,1
98,1,3,SELF_ENERGY,14,ACTION_Y,1.0244453260902737,1
98,2,1,RAND,11,JUNK-I5,1.1333353679006317,0
98,3,5,JUNK-S5,11,JUNK-I5,1.4813684499649038,0
98,4,6,ADD,16,REPRODUCE,-2.161564989165929,1
98,5,4,JUNK-S4,10,THRESH,-2.6822107608264414,0
98,6,9,DELAY,14,ACTION_Y,2.02020325327311,1
98,7,2,LOCAL_RESOURCE,17,MOVE_N,2.704184087649159,1
98,8,4,JUNK-S4,10,THRESH,3.391338847010712,0
98,9,10,THRESH,6,ADD,-2.99984740745262,1
98,10,3,SELF_ENERGY,10,THRESH,3.5687124240852075,1
98,11,0,CONST,18,MOVE_S,-2.639606921597949,1
98,12,10,THRESH,14,ACTION_Y,-3.6140018921475874,1
98,13,7,MUL,18,MOVE_S,3.8312936796166874,1
98,14,1,RAND,11,JUNK-I5,0.17444380016479996,0
98,15,13,JUNK-I7,9,DELAY,0.6140324106570635,0
98,16,0,CONST,14,ACTION_Y,-0.3953978087710196,1
98,17,9,DELAY,9,DELAY,1.2231818597979676,1
98,18,13,JUNK-I7,20,MOVE_W,0.4231086153752251,0
98,19,3,SELF_ENERGY,9,DELAY,-3.9003875850703453,1
98,20,2,LOCAL_RESOURCE,13,JUNK-I7,2.837000640888699,0
98,21,0,CONST,11,JUNK-I5,-3.607776116214484,0
98,22,13,JUNK-I7,7,MUL,-3.384502700888089,0
98,23,1,RAND,19,MOVE_E,-3.8306833094271675,1
98,24,1,RAND,15,HARVEST,2.403515732291635,1
98,25,5,JUNK-S5,15,HARVEST,-1.042512283700064,0
98,26,2,LOCAL_RESOURCE,14,ACTION_Y,0.14062929166539506,1
98,27,4,JUNK-S4,21,JUNK-A7,3.7474288155766473,0
98,28,8,CLAMP,19,MOVE_E,1.7836237678151798,1
98,29,7,MUL,16,REPRODUCE,-3.2723166600543228,1
98,30,3,SELF_ENERGY,18,MOVE_S,3.6002075258644366,1
98,31,6,ADD,13,JUNK-I7,3.095919675283059,0
99,0,2,LOCAL_RESOURCE,9,DELAY,1.2743308816797387,1
99,1,1,RAND,17,MOVE_N,2.7359233375041963,1
99,2,6,ADD,19,MOVE_E,3.5281838435010835,1
99,3,13,JUNK-I7,18,MOVE_S,-2.489333780938139,0
99,4,0,CONST,17,MOVE_N,0.620380260628071,1
99,5,5,JUNK-S5,21,JUNK-A7,3.749504074221015,0
99,6,3,SELF_ENERGY,16,REPRODUCE,0.3968626972258675,1
99,7,0,CONST,21,JUNK-A7,-1.3732108523819697,0
99,8,13,JUNK-I7,15,HARVEST,-0.8316904202398755,0
99,9,5,JUNK-S5,6,ADD,-3.066377758110294,0
99,10,3,SELF_ENERGY,16,REPRODUCE,-2.610065004425184,1
99,11,6,ADD,19,MOVE_E,3.129490035706656,1
99,12,10,THRESH,18,MOVE_S,1.2129276406140324,1
99,13,5,JUNK-S5,11,JUNK-I5,2.872280037842952,0
99,14,5,JUNK-S5,10,THRESH,0.00695822016052736,0
99,15,7,MUL,12,JUNK-I6,3.229346598712119,0
99,16,11,JUNK-I5,8,CLAMP,-2.445631275368511,0
99,17,1,RAND,7,MUL,-1.6135746330149237,1
99,18,12,JUNK-I6,7,MUL,2.348094119083224,0
99,19,10,THRESH,16,REPRODUCE,-0.4273812067018647,1
99,20,9,DELAY,17,MOVE_N,-2.45539719840083,1
99,21,7,MUL,7,MUL,-0.24146244697408978,1
99,22,5,JUNK-S5,21,JUNK-A7,-2.335520493179113,0
99,23,4,JUNK-S4,20,MOVE_W,3.87084566789758,0
99,24,8,CLAMP,10,THRESH,-0.20960112308114873,1
99,25,8,CLAMP,14,ACTION_Y,-0.8167973876155888,1
99,26,5,JUNK-S5,16,REPRODUCE,2.566118350779748,0
99,27,1,RAND,18,MOVE_S,3.8006530961027862,1
99,28,2,LOCAL_RESOURCE,20,MOVE_W,-3.0920133060701316,1
99,29,3,SELF_ENERGY,12,JUNK-I6,-0.5706961272011475,0
99,30,0,CONST,16,REPRODUCE,-3.0144962920010987,1
99,31,4,JUNK-S4,21,JUNK-A7,-3.7595141453291423,0
